x-axis,3,4
second,Volt,Volt
-4.830000E+00,-506.055E-03,+69.724E-03
-4.828050E+00,-506.055E-03,+69.724E-03
-4.826100E+00,-498.015E-03,+69.724E-03
-4.824150E+00,-502.035E-03,+69.724E-03
-4.822200E+00,-498.015E-03,+69.724E-03
-4.820250E+00,-502.035E-03,+69.724E-03
-4.818300E+00,-505.553E-03,+69.724E-03
-4.816350E+00,-501.533E-03,+69.724E-03
-4.814400E+00,-513.593E-03,+69.724E-03
-4.812450E+00,-498.015E-03,+69.724E-03
-4.810500E+00,-506.055E-03,+69.724E-03
-4.808550E+00,-498.015E-03,+69.724E-03
-4.806600E+00,-498.015E-03,+69.724E-03
-4.804650E+00,-506.055E-03,+69.724E-03
-4.802700E+00,-498.015E-03,+69.724E-03
-4.800750E+00,-498.015E-03,+69.724E-03
-4.798800E+00,-498.015E-03,+69.724E-03
-4.796850E+00,-501.533E-03,+69.724E-03
-4.794900E+00,-498.015E-03,+69.724E-03
-4.792950E+00,-506.055E-03,+69.724E-03
-4.791000E+00,-498.015E-03,+69.724E-03
-4.789050E+00,-506.055E-03,+69.724E-03
-4.787100E+00,-505.553E-03,+69.724E-03
-4.785150E+00,-498.015E-03,+69.724E-03
-4.783200E+00,-498.015E-03,+69.724E-03
-4.781250E+00,-502.035E-03,+69.724E-03
-4.779300E+00,-506.055E-03,+69.724E-03
-4.777350E+00,-506.055E-03,+69.724E-03
-4.775400E+00,-498.015E-03,+69.724E-03
-4.773450E+00,-498.015E-03,+69.724E-03
-4.771500E+00,-498.015E-03,+69.724E-03
-4.769550E+00,-501.533E-03,+69.724E-03
-4.767600E+00,-505.553E-03,+69.724E-03
-4.765650E+00,-506.055E-03,+69.724E-03
-4.763700E+00,-498.015E-03,+69.724E-03
-4.761750E+00,-501.533E-03,+69.724E-03
-4.759800E+00,-505.553E-03,+69.724E-03
-4.757850E+00,-498.015E-03,+69.724E-03
-4.755900E+00,-505.553E-03,+69.724E-03
-4.753950E+00,-501.533E-03,+69.724E-03
-4.752000E+00,-498.015E-03,+69.724E-03
-4.750050E+00,-498.015E-03,+69.724E-03
-4.748100E+00,-498.015E-03,+69.724E-03
-4.746150E+00,-502.035E-03,+69.724E-03
-4.744200E+00,-498.015E-03,+69.724E-03
-4.742250E+00,-506.055E-03,+69.724E-03
-4.740300E+00,-498.015E-03,+69.724E-03
-4.738350E+00,-498.015E-03,+69.724E-03
-4.736400E+00,-498.015E-03,+69.724E-03
-4.734450E+00,-501.533E-03,+69.724E-03
-4.732500E+00,-506.055E-03,+69.724E-03
-4.730550E+00,-506.055E-03,+69.724E-03
-4.728600E+00,-506.055E-03,+69.724E-03
-4.726650E+00,-501.533E-03,+69.724E-03
-4.724700E+00,-498.015E-03,+69.724E-03
-4.722750E+00,-498.015E-03,+69.724E-03
-4.720800E+00,-498.015E-03,+69.724E-03
-4.718850E+00,-502.035E-03,+69.724E-03
-4.716900E+00,-505.553E-03,+69.724E-03
-4.714950E+00,-498.015E-03,+69.724E-03
-4.713000E+00,-498.015E-03,+69.724E-03
-4.711050E+00,-498.015E-03,+69.724E-03
-4.709100E+00,-506.055E-03,+69.724E-03
-4.707150E+00,-498.015E-03,+69.724E-03
-4.705200E+00,-498.015E-03,+69.724E-03
-4.703250E+00,-506.055E-03,+69.724E-03
-4.701300E+00,-498.015E-03,+69.724E-03
-4.699350E+00,-501.533E-03,+69.724E-03
-4.697400E+00,-505.553E-03,+69.724E-03
-4.695450E+00,-506.055E-03,+69.724E-03
-4.693500E+00,-498.015E-03,+69.724E-03
-4.691550E+00,-502.035E-03,+69.724E-03
-4.689600E+00,-506.055E-03,+69.724E-03
-4.687650E+00,-502.035E-03,+69.724E-03
-4.685700E+00,-498.015E-03,+69.724E-03
-4.683750E+00,-502.035E-03,+69.724E-03
-4.681800E+00,-498.015E-03,+69.724E-03
-4.679850E+00,-506.055E-03,+69.724E-03
-4.677900E+00,-506.055E-03,+69.724E-03
-4.675950E+00,-498.015E-03,+69.724E-03
-4.674000E+00,-506.055E-03,+69.724E-03
-4.672050E+00,-502.035E-03,+69.724E-03
-4.670100E+00,-498.015E-03,+69.724E-03
-4.668150E+00,-498.015E-03,+69.724E-03
-4.666200E+00,-505.553E-03,+69.724E-03
-4.664250E+00,-501.533E-03,+69.724E-03
-4.662300E+00,-498.015E-03,+69.724E-03
-4.660350E+00,-501.533E-03,+69.724E-03
-4.658400E+00,-505.553E-03,+69.724E-03
-4.656450E+00,-498.015E-03,+69.724E-03
-4.654500E+00,-505.553E-03,+69.724E-03
-4.652550E+00,-498.015E-03,+69.724E-03
-4.650600E+00,-505.553E-03,+69.724E-03
-4.648650E+00,-498.015E-03,+69.724E-03
-4.646700E+00,-505.553E-03,+69.724E-03
-4.644750E+00,-502.035E-03,+69.724E-03
-4.642800E+00,-498.015E-03,+69.724E-03
-4.640850E+00,-502.035E-03,+69.724E-03
-4.638900E+00,-498.015E-03,+69.724E-03
-4.636950E+00,-498.015E-03,+69.724E-03
-4.635000E+00,-513.090E-03,+69.724E-03
-4.633050E+00,-502.035E-03,+69.724E-03
-4.631100E+00,-505.553E-03,+69.724E-03
-4.629150E+00,-502.035E-03,+69.724E-03
-4.627200E+00,-498.015E-03,+69.724E-03
-4.625250E+00,-498.015E-03,+69.724E-03
-4.623300E+00,-506.055E-03,+69.724E-03
-4.621350E+00,-506.055E-03,+69.724E-03
-4.619400E+00,-505.553E-03,+69.724E-03
-4.617450E+00,-502.035E-03,+69.724E-03
-4.615500E+00,-498.015E-03,+69.724E-03
-4.613550E+00,-498.015E-03,+69.724E-03
-4.611600E+00,-498.015E-03,+69.724E-03
-4.609650E+00,-502.035E-03,+69.724E-03
-4.607700E+00,-505.553E-03,+69.724E-03
-4.605750E+00,-502.035E-03,+69.724E-03
-4.603800E+00,-505.553E-03,+69.724E-03
-4.601850E+00,-501.533E-03,+69.724E-03
-4.599900E+00,-498.015E-03,+69.724E-03
-4.597950E+00,-506.055E-03,+69.724E-03
-4.596000E+00,-505.553E-03,+69.724E-03
-4.594050E+00,-498.015E-03,+69.724E-03
-4.592100E+00,-506.055E-03,+69.724E-03
-4.590150E+00,-498.015E-03,+69.724E-03
-4.588200E+00,-498.015E-03,+69.724E-03
-4.586250E+00,-502.035E-03,+69.724E-03
-4.584300E+00,-506.055E-03,+69.724E-03
-4.582350E+00,-502.035E-03,+69.724E-03
-4.580400E+00,-506.055E-03,+69.724E-03
-4.578450E+00,-506.055E-03,+69.724E-03
-4.576500E+00,-498.015E-03,+69.724E-03
-4.574550E+00,-501.533E-03,+69.724E-03
-4.572600E+00,-506.055E-03,+69.724E-03
-4.570650E+00,-502.035E-03,+69.724E-03
-4.568700E+00,-498.015E-03,+69.724E-03
-4.566750E+00,-498.015E-03,+69.724E-03
-4.564800E+00,-498.015E-03,+69.724E-03
-4.562850E+00,-502.035E-03,+69.724E-03
-4.560900E+00,-505.553E-03,+69.724E-03
-4.558950E+00,-506.055E-03,+69.724E-03
-4.557000E+00,-506.055E-03,+69.724E-03
-4.555050E+00,-502.035E-03,+69.724E-03
-4.553100E+00,-506.055E-03,+69.724E-03
-4.551150E+00,-498.015E-03,+69.724E-03
-4.549200E+00,-498.015E-03,+69.724E-03
-4.547250E+00,-498.015E-03,+69.724E-03
-4.545300E+00,-498.015E-03,+69.724E-03
-4.543350E+00,-498.015E-03,+69.724E-03
-4.541400E+00,-498.015E-03,+69.724E-03
-4.539450E+00,-501.533E-03,+69.724E-03
-4.537500E+00,-498.015E-03,+69.724E-03
-4.535550E+00,-501.533E-03,+69.724E-03
-4.533600E+00,-498.015E-03,+69.724E-03
-4.531650E+00,-506.055E-03,+69.724E-03
-4.529700E+00,-506.055E-03,+69.724E-03
-4.527750E+00,-502.035E-03,+69.724E-03
-4.525800E+00,-505.553E-03,+69.724E-03
-4.523850E+00,-501.533E-03,+69.724E-03
-4.521900E+00,-498.015E-03,+69.724E-03
-4.519950E+00,-501.533E-03,+69.724E-03
-4.518000E+00,-498.015E-03,+69.724E-03
-4.516050E+00,-498.015E-03,+69.724E-03
-4.514100E+00,-498.015E-03,+69.724E-03
-4.512150E+00,-502.035E-03,+69.724E-03
-4.510200E+00,-498.015E-03,+69.724E-03
-4.508250E+00,-498.015E-03,+69.724E-03
-4.506300E+00,-498.015E-03,+69.724E-03
-4.504350E+00,-502.035E-03,+69.724E-03
-4.502400E+00,-497.513E-03,+69.724E-03
-4.500450E+00,-506.055E-03,+69.724E-03
-4.498500E+00,-498.015E-03,+69.724E-03
-4.496550E+00,-506.055E-03,+69.724E-03
-4.494600E+00,-498.015E-03,+69.724E-03
-4.492650E+00,-498.015E-03,+69.724E-03
-4.490700E+00,-498.015E-03,+69.724E-03
-4.488750E+00,-498.015E-03,+69.724E-03
-4.486800E+00,-498.015E-03,+69.724E-03
-4.484850E+00,-506.055E-03,+69.724E-03
-4.482900E+00,-505.553E-03,+69.724E-03
-4.480950E+00,-506.055E-03,+69.724E-03
-4.479000E+00,-498.015E-03,+69.724E-03
-4.477050E+00,-498.015E-03,+69.724E-03
-4.475100E+00,-505.553E-03,+69.724E-03
-4.473150E+00,-501.533E-03,+69.724E-03
-4.471200E+00,-498.015E-03,+69.724E-03
-4.469250E+00,-498.015E-03,+69.724E-03
-4.467300E+00,-505.553E-03,+69.724E-03
-4.465350E+00,-502.035E-03,+69.724E-03
-4.463400E+00,-498.015E-03,+69.724E-03
-4.461450E+00,-501.533E-03,+69.724E-03
-4.459500E+00,-498.015E-03,+69.724E-03
-4.457550E+00,-502.035E-03,+69.724E-03
-4.455600E+00,-498.015E-03,+69.724E-03
-4.453650E+00,-498.015E-03,+69.724E-03
-4.451700E+00,-505.553E-03,+69.724E-03
-4.449750E+00,-502.035E-03,+69.724E-03
-4.447800E+00,-498.015E-03,+69.724E-03
-4.445850E+00,-498.015E-03,+69.724E-03
-4.443900E+00,+490.930E-03,+69.724E-03
-4.441950E+00,+490.930E-03,+69.724E-03
-4.440000E+00,+490.930E-03,+69.724E-03
-4.438050E+00,+490.930E-03,+69.724E-03
-4.436100E+00,+490.930E-03,+69.724E-03
-4.434150E+00,+490.930E-03,+69.724E-03
-4.432200E+00,+490.930E-03,+69.724E-03
-4.430250E+00,+486.910E-03,+69.724E-03
-4.428300E+00,+490.930E-03,+69.724E-03
-4.426350E+00,+482.889E-03,+69.724E-03
-4.424400E+00,+490.930E-03,+69.724E-03
-4.422450E+00,+490.930E-03,+69.724E-03
-4.420500E+00,+490.930E-03,+69.724E-03
-4.418550E+00,+494.447E-03,+69.724E-03
-4.416600E+00,+490.930E-03,+69.724E-03
-4.414650E+00,+490.930E-03,+69.724E-03
-4.412700E+00,+482.889E-03,+69.724E-03
-4.410750E+00,+490.930E-03,+69.724E-03
-4.408800E+00,+490.930E-03,+69.724E-03
-4.406850E+00,+490.930E-03,+69.724E-03
-4.404900E+00,+490.930E-03,+69.724E-03
-4.402950E+00,+490.930E-03,+69.724E-03
-4.401000E+00,+490.930E-03,+69.724E-03
-4.399050E+00,+486.407E-03,+69.724E-03
-4.397100E+00,+490.930E-03,+69.724E-03
-4.395150E+00,+486.910E-03,+69.724E-03
-4.393200E+00,+490.427E-03,+69.724E-03
-4.391250E+00,+490.930E-03,+69.724E-03
-4.389300E+00,+490.930E-03,+69.724E-03
-4.387350E+00,+482.889E-03,+69.724E-03
-4.385400E+00,+490.930E-03,+69.724E-03
-4.383450E+00,+490.930E-03,+69.724E-03
-4.381500E+00,+490.427E-03,+69.724E-03
-4.379550E+00,+486.407E-03,+69.724E-03
-4.377600E+00,+490.930E-03,+69.724E-03
-4.375650E+00,+490.930E-03,+69.724E-03
-4.373700E+00,+490.930E-03,+69.724E-03
-4.371750E+00,+486.407E-03,+69.724E-03
-4.369800E+00,+490.930E-03,+69.724E-03
-4.367850E+00,+490.930E-03,+69.724E-03
-4.365900E+00,+490.930E-03,+69.724E-03
-4.363950E+00,+490.930E-03,+69.724E-03
-4.362000E+00,+490.930E-03,+69.724E-03
-4.360050E+00,+490.930E-03,+69.724E-03
-4.358100E+00,+490.930E-03,+69.724E-03
-4.356150E+00,+490.930E-03,+69.724E-03
-4.354200E+00,+490.930E-03,+69.724E-03
-4.352250E+00,+486.407E-03,+69.724E-03
-4.350300E+00,+490.930E-03,+69.724E-03
-4.348350E+00,+490.930E-03,+69.724E-03
-4.346400E+00,+490.930E-03,+69.724E-03
-4.344450E+00,+486.910E-03,+69.724E-03
-4.342500E+00,+482.889E-03,+69.724E-03
-4.340550E+00,+490.930E-03,+69.724E-03
-4.338600E+00,+482.889E-03,+69.724E-03
-4.336650E+00,+490.930E-03,+69.724E-03
-4.334700E+00,+490.930E-03,+69.724E-03
-4.332750E+00,+486.910E-03,+69.724E-03
-4.330800E+00,+490.930E-03,+69.724E-03
-4.328850E+00,+486.910E-03,+69.724E-03
-4.326900E+00,+490.930E-03,+69.724E-03
-4.324950E+00,+490.930E-03,+69.724E-03
-4.323000E+00,+490.930E-03,+69.724E-03
-4.321050E+00,+486.407E-03,+69.724E-03
-4.319100E+00,+490.930E-03,+69.724E-03
-4.317150E+00,+490.930E-03,+69.724E-03
-4.315200E+00,+490.930E-03,+69.724E-03
-4.313250E+00,+494.950E-03,+69.724E-03
-4.311300E+00,+490.427E-03,+69.724E-03
-4.309350E+00,+490.930E-03,+69.724E-03
-4.307400E+00,+498.467E-03,+69.724E-03
-4.305450E+00,+490.930E-03,+69.724E-03
-4.303500E+00,+490.930E-03,+69.724E-03
-4.301550E+00,+490.930E-03,+69.724E-03
-4.299600E+00,+490.930E-03,+69.724E-03
-4.297650E+00,+490.930E-03,+69.724E-03
-4.295700E+00,+482.889E-03,+69.724E-03
-4.293750E+00,+490.930E-03,+69.724E-03
-4.291800E+00,+482.889E-03,+69.724E-03
-4.289850E+00,+490.930E-03,+69.724E-03
-4.287900E+00,+490.930E-03,+69.724E-03
-4.285950E+00,+490.930E-03,+69.724E-03
-4.284000E+00,+498.467E-03,+69.724E-03
-4.282050E+00,+490.930E-03,+69.724E-03
-4.280100E+00,+490.930E-03,+69.724E-03
-4.278150E+00,+490.930E-03,+72.739E-03
-4.276200E+00,+482.889E-03,+83.794E-03
-4.274250E+00,+490.930E-03,+89.698E-03
-4.272300E+00,+490.930E-03,+91.834E-03
-4.270350E+00,+486.910E-03,+97.236E-03
-4.268400E+00,+490.930E-03,+101.884E-03
-4.266450E+00,+490.930E-03,+98.116E-03
-4.264500E+00,+490.427E-03,+101.884E-03
-4.262550E+00,+490.930E-03,+107.035E-03
-4.260600E+00,+490.930E-03,+109.925E-03
-4.258650E+00,+490.930E-03,+115.075E-03
-4.256700E+00,+490.930E-03,+121.985E-03
-4.254750E+00,+494.950E-03,+123.116E-03
-4.252800E+00,+490.930E-03,+128.141E-03
-4.250850E+00,+494.447E-03,+128.015E-03
-4.248900E+00,+482.889E-03,+132.286E-03
-4.246950E+00,+490.930E-03,+141.457E-03
-4.245000E+00,+490.930E-03,+144.221E-03
-4.243050E+00,+486.407E-03,+144.347E-03
-4.241100E+00,+490.930E-03,+152.136E-03
-4.239150E+00,+490.930E-03,+160.427E-03
-4.237200E+00,+490.930E-03,+166.206E-03
-4.235250E+00,+490.930E-03,+165.327E-03
-4.233300E+00,+483.392E-03,+172.362E-03
-4.231350E+00,+490.930E-03,+177.261E-03
-4.229400E+00,+490.930E-03,+174.497E-03
-4.227450E+00,+490.930E-03,+183.668E-03
-4.225500E+00,+490.930E-03,+188.317E-03
-4.223550E+00,+490.930E-03,+192.588E-03
-4.221600E+00,+490.930E-03,+196.482E-03
-4.219650E+00,+490.930E-03,+196.357E-03
-4.217700E+00,+490.930E-03,+204.271E-03
-4.215750E+00,+490.930E-03,+199.497E-03
-4.213800E+00,+490.930E-03,+204.397E-03
-4.211850E+00,+494.950E-03,+206.658E-03
-4.209900E+00,+490.930E-03,+208.543E-03
-4.207950E+00,+490.930E-03,+210.678E-03
-4.206000E+00,+490.930E-03,+214.447E-03
-4.204050E+00,+486.407E-03,+217.211E-03
-4.202100E+00,+490.427E-03,+220.603E-03
-4.200150E+00,+490.930E-03,+222.362E-03
-4.198200E+00,+490.930E-03,+222.487E-03
-4.196250E+00,+486.910E-03,+224.749E-03
-4.194300E+00,+490.930E-03,+230.528E-03
-4.192350E+00,+490.930E-03,+230.528E-03
-4.190400E+00,+490.427E-03,+232.412E-03
-4.188450E+00,+490.930E-03,+229.523E-03
-4.186500E+00,+490.930E-03,+232.663E-03
-4.184550E+00,+490.930E-03,+237.563E-03
-4.182600E+00,+490.427E-03,+236.558E-03
-4.180650E+00,+498.970E-03,+242.588E-03
-4.178700E+00,+490.930E-03,+240.578E-03
-4.176750E+00,+490.930E-03,+248.869E-03
-4.174800E+00,+490.930E-03,+254.523E-03
-4.172850E+00,+490.930E-03,+253.769E-03
-4.170900E+00,+490.930E-03,+254.774E-03
-4.168950E+00,+490.930E-03,+255.402E-03
-4.167000E+00,+490.930E-03,+262.814E-03
-4.165050E+00,+490.930E-03,+266.709E-03
-4.163100E+00,+490.930E-03,+272.739E-03
-4.161150E+00,+490.930E-03,+269.724E-03
-4.159200E+00,+482.889E-03,+264.950E-03
-4.157250E+00,+490.930E-03,+274.749E-03
-4.155300E+00,+490.930E-03,+272.739E-03
-4.153350E+00,+498.970E-03,+279.020E-03
-4.151400E+00,+490.930E-03,+278.894E-03
-4.149450E+00,+494.950E-03,+281.030E-03
-4.147500E+00,+490.930E-03,+278.894E-03
-4.145550E+00,+490.930E-03,+275.754E-03
-4.143600E+00,+490.930E-03,+278.894E-03
-4.141650E+00,+490.930E-03,+288.819E-03
-4.139700E+00,+490.930E-03,+289.070E-03
-4.137750E+00,+490.930E-03,+295.100E-03
-4.135800E+00,+490.930E-03,+297.111E-03
-4.133850E+00,+490.930E-03,+297.990E-03
-4.131900E+00,+490.930E-03,+296.985E-03
-4.129950E+00,+490.930E-03,+301.884E-03
-4.128000E+00,+490.930E-03,+305.025E-03
-4.126050E+00,+490.930E-03,+304.899E-03
-4.124100E+00,+490.930E-03,+307.286E-03
-4.122150E+00,+494.950E-03,+308.920E-03
-4.120200E+00,+490.930E-03,+305.151E-03
-4.118250E+00,+490.930E-03,+308.920E-03
-4.116300E+00,+490.930E-03,+307.286E-03
-4.114350E+00,+490.930E-03,+309.925E-03
-4.112400E+00,+482.889E-03,+317.211E-03
-4.110450E+00,+490.930E-03,+317.965E-03
-4.108500E+00,+490.930E-03,+316.834E-03
-4.106550E+00,+494.447E-03,+318.090E-03
-4.104600E+00,+490.930E-03,+325.000E-03
-4.102650E+00,+490.930E-03,+320.854E-03
-4.100700E+00,+490.930E-03,+325.000E-03
-4.098750E+00,+486.910E-03,+327.889E-03
-4.096800E+00,+490.930E-03,+327.261E-03
-4.094850E+00,+490.930E-03,+333.920E-03
-4.092900E+00,+490.930E-03,+337.060E-03
-4.090950E+00,+490.930E-03,+333.040E-03
-4.089000E+00,+490.930E-03,+336.809E-03
-4.087050E+00,+490.930E-03,+334.799E-03
-4.085100E+00,+498.970E-03,+333.040E-03
-4.083150E+00,+486.910E-03,+333.040E-03
-4.081200E+00,+498.467E-03,+335.050E-03
-4.079250E+00,+494.447E-03,+338.317E-03
-4.077300E+00,+490.930E-03,+341.080E-03
-4.075350E+00,+490.930E-03,+346.106E-03
-4.073400E+00,+490.930E-03,+343.216E-03
-4.071450E+00,+490.930E-03,+347.111E-03
-4.069500E+00,+490.930E-03,+343.090E-03
-4.067550E+00,+494.447E-03,+342.085E-03
-4.065600E+00,+490.930E-03,+346.985E-03
-4.063650E+00,+486.910E-03,+345.729E-03
-4.061700E+00,+490.427E-03,+348.869E-03
-4.059750E+00,+490.930E-03,+345.226E-03
-4.057800E+00,+490.930E-03,+348.995E-03
-4.055850E+00,+486.407E-03,+352.136E-03
-4.053900E+00,+482.889E-03,+351.131E-03
-4.051950E+00,+490.930E-03,+351.759E-03
-4.050000E+00,+490.930E-03,+357.161E-03
-4.048050E+00,+490.930E-03,+356.156E-03
-4.046100E+00,+490.930E-03,+351.256E-03
-4.044150E+00,+490.930E-03,+355.151E-03
-4.042200E+00,+490.930E-03,+355.276E-03
-4.040250E+00,+494.950E-03,+355.276E-03
-4.038300E+00,+490.930E-03,+355.151E-03
-4.036350E+00,+490.930E-03,+357.286E-03
-4.034400E+00,+490.930E-03,+357.161E-03
-4.032450E+00,+490.930E-03,+354.899E-03
-4.030500E+00,+490.930E-03,+361.055E-03
-4.028550E+00,+494.950E-03,+366.206E-03
-4.026600E+00,+490.930E-03,+369.095E-03
-4.024650E+00,+490.930E-03,+369.221E-03
-4.022700E+00,+490.930E-03,+367.085E-03
-4.020750E+00,+486.910E-03,+367.839E-03
-4.018800E+00,+490.930E-03,+369.221E-03
-4.016850E+00,+490.930E-03,+366.960E-03
-4.014900E+00,+490.930E-03,+369.095E-03
-4.012950E+00,+494.447E-03,+366.080E-03
-4.011000E+00,+490.930E-03,+365.201E-03
-4.009050E+00,+490.930E-03,+366.080E-03
-4.007100E+00,+490.930E-03,+365.201E-03
-4.005150E+00,+490.930E-03,+363.819E-03
-4.003200E+00,+490.930E-03,+369.221E-03
-4.001250E+00,+490.930E-03,+367.211E-03
-3.999300E+00,+490.930E-03,+371.231E-03
-3.997350E+00,+490.930E-03,+373.241E-03
-3.995400E+00,+490.930E-03,+377.010E-03
-3.993450E+00,+490.930E-03,+374.246E-03
-3.991500E+00,+482.889E-03,+377.261E-03
-3.989550E+00,+486.910E-03,+375.377E-03
-3.987600E+00,+490.930E-03,+379.146E-03
-3.985650E+00,+490.930E-03,+379.899E-03
-3.983700E+00,+490.930E-03,+383.291E-03
-3.981750E+00,+486.910E-03,+383.291E-03
-3.979800E+00,+490.930E-03,+385.301E-03
-3.977850E+00,+486.407E-03,+378.141E-03
-3.975900E+00,+490.930E-03,+379.271E-03
-3.973950E+00,+490.930E-03,+378.141E-03
-3.972000E+00,+490.930E-03,+383.291E-03
-3.970050E+00,+490.930E-03,+382.286E-03
-3.968100E+00,+490.930E-03,+384.925E-03
-3.966150E+00,+490.930E-03,+380.151E-03
-3.964200E+00,+482.889E-03,+383.291E-03
-3.962250E+00,+490.930E-03,+375.377E-03
-3.960300E+00,+498.467E-03,+381.281E-03
-3.958350E+00,+490.930E-03,+383.291E-03
-3.956400E+00,+490.930E-03,+385.176E-03
-3.954450E+00,+490.930E-03,+384.296E-03
-3.952500E+00,+490.930E-03,+383.291E-03
-3.950550E+00,+490.930E-03,+387.940E-03
-3.948600E+00,+490.930E-03,+387.437E-03
-3.946650E+00,+490.930E-03,+390.578E-03
-3.944700E+00,+490.930E-03,+391.080E-03
-3.942750E+00,+490.930E-03,+394.221E-03
-3.940800E+00,+490.930E-03,+393.216E-03
-3.938850E+00,+490.930E-03,+392.337E-03
-3.936900E+00,+490.930E-03,+391.583E-03
-3.934950E+00,+490.930E-03,+392.211E-03
-3.933000E+00,+490.930E-03,+391.332E-03
-3.931050E+00,+490.930E-03,+395.100E-03
-3.929100E+00,+490.930E-03,+397.236E-03
-3.927150E+00,+490.930E-03,+395.100E-03
-3.925200E+00,+490.930E-03,+397.236E-03
-3.923250E+00,+490.930E-03,+395.100E-03
-3.921300E+00,+490.930E-03,+391.332E-03
-3.919350E+00,+490.930E-03,+394.221E-03
-3.917400E+00,+490.930E-03,+393.342E-03
-3.915450E+00,+490.930E-03,+391.332E-03
-3.913500E+00,+490.930E-03,+393.216E-03
-3.911550E+00,+490.930E-03,+390.327E-03
-3.909600E+00,+490.930E-03,+391.332E-03
-3.907650E+00,+490.930E-03,+391.457E-03
-3.905700E+00,+490.930E-03,+391.332E-03
-3.903750E+00,+490.930E-03,+389.070E-03
-3.901800E+00,+490.930E-03,+391.332E-03
-3.899850E+00,+490.930E-03,+391.332E-03
-3.897900E+00,+490.930E-03,+391.457E-03
-3.895950E+00,+486.910E-03,+392.337E-03
-3.894000E+00,+482.889E-03,+391.332E-03
-3.892050E+00,+490.930E-03,+395.100E-03
-3.890100E+00,+490.930E-03,+395.226E-03
-3.888150E+00,+490.930E-03,+391.332E-03
-3.886200E+00,+482.889E-03,+393.216E-03
-3.884250E+00,+490.930E-03,+390.201E-03
-3.882300E+00,+490.930E-03,+393.090E-03
-3.880350E+00,+490.930E-03,+394.347E-03
-3.878400E+00,+490.930E-03,+389.322E-03
-3.876450E+00,+490.930E-03,+395.352E-03
-3.874500E+00,+490.930E-03,+391.080E-03
-3.872550E+00,+490.930E-03,+391.332E-03
-3.870600E+00,+490.930E-03,+391.332E-03
-3.868650E+00,+490.930E-03,+392.211E-03
-3.866700E+00,+498.467E-03,+393.342E-03
-3.864750E+00,+490.930E-03,+391.332E-03
-3.862800E+00,+490.930E-03,+393.342E-03
-3.860850E+00,+490.930E-03,+392.211E-03
-3.858900E+00,+482.889E-03,+389.322E-03
-3.856950E+00,+490.930E-03,+391.332E-03
-3.855000E+00,+490.930E-03,+389.322E-03
-3.853050E+00,+490.930E-03,+394.347E-03
-3.851100E+00,+490.930E-03,+391.332E-03
-3.849150E+00,+486.407E-03,+392.211E-03
-3.847200E+00,+490.930E-03,+393.216E-03
-3.845250E+00,+490.930E-03,+392.211E-03
-3.843300E+00,+482.889E-03,+389.573E-03
-3.841350E+00,+490.930E-03,+392.337E-03
-3.839400E+00,+490.930E-03,+395.226E-03
-3.837450E+00,+490.930E-03,+391.080E-03
-3.835500E+00,+490.930E-03,+391.332E-03
-3.833550E+00,+486.910E-03,+393.467E-03
-3.831600E+00,+490.930E-03,+389.322E-03
-3.829650E+00,+490.930E-03,+391.332E-03
-3.827700E+00,+490.930E-03,+389.322E-03
-3.825750E+00,+490.930E-03,+392.211E-03
-3.823800E+00,+490.930E-03,+389.447E-03
-3.821850E+00,+490.930E-03,+391.457E-03
-3.819900E+00,+482.889E-03,+393.090E-03
-3.817950E+00,+490.930E-03,+389.322E-03
-3.816000E+00,+490.930E-03,+389.447E-03
-3.814050E+00,+486.910E-03,+393.342E-03
-3.812100E+00,+490.930E-03,+393.342E-03
-3.810150E+00,+489.925E-03,+394.221E-03
-3.808200E+00,+490.930E-03,+391.457E-03
-3.806250E+00,+494.950E-03,+389.322E-03
-3.804300E+00,+498.467E-03,+394.975E-03
-3.802350E+00,+494.447E-03,+390.327E-03
-3.800400E+00,+490.930E-03,+393.216E-03
-3.798450E+00,+486.910E-03,+388.317E-03
-3.796500E+00,+490.930E-03,+391.206E-03
-3.794550E+00,+490.930E-03,+393.342E-03
-3.792600E+00,+490.930E-03,+395.100E-03
-3.790650E+00,+490.930E-03,+392.337E-03
-3.788700E+00,+482.889E-03,+389.573E-03
-3.786750E+00,+490.930E-03,+389.322E-03
-3.784800E+00,+498.970E-03,+387.437E-03
-3.782850E+00,+490.930E-03,+393.342E-03
-3.780900E+00,+490.930E-03,+394.975E-03
-3.778950E+00,+490.930E-03,+392.337E-03
-3.777000E+00,+490.930E-03,+389.322E-03
-3.775050E+00,+490.930E-03,+394.221E-03
-3.773100E+00,+490.930E-03,+389.322E-03
-3.771150E+00,+490.930E-03,+391.080E-03
-3.769200E+00,+490.930E-03,+389.447E-03
-3.767250E+00,+494.447E-03,+391.457E-03
-3.765300E+00,+498.467E-03,+393.342E-03
-3.763350E+00,+490.930E-03,+393.342E-03
-3.761400E+00,+490.930E-03,+389.447E-03
-3.759450E+00,+490.930E-03,+393.342E-03
-3.757500E+00,+490.930E-03,+395.352E-03
-3.755550E+00,+494.950E-03,+392.211E-03
-3.753600E+00,+490.930E-03,+389.322E-03
-3.751650E+00,+490.930E-03,+395.352E-03
-3.749700E+00,+490.930E-03,+389.322E-03
-3.747750E+00,+490.930E-03,+390.327E-03
-3.745800E+00,+490.930E-03,+393.090E-03
-3.743850E+00,+494.447E-03,+393.342E-03
-3.741900E+00,+490.930E-03,+395.226E-03
-3.739950E+00,+494.950E-03,+392.211E-03
-3.738000E+00,+490.930E-03,+393.342E-03
-3.736050E+00,+490.930E-03,+391.332E-03
-3.734100E+00,+490.930E-03,+391.332E-03
-3.732150E+00,+490.930E-03,+389.322E-03
-3.730200E+00,+490.930E-03,+395.226E-03
-3.728250E+00,+490.930E-03,+393.090E-03
-3.726300E+00,+490.930E-03,+393.342E-03
-3.724350E+00,+490.930E-03,+394.347E-03
-3.722400E+00,+498.467E-03,+395.226E-03
-3.720450E+00,+490.930E-03,+390.327E-03
-3.718500E+00,+490.930E-03,+389.322E-03
-3.716550E+00,+490.930E-03,+393.342E-03
-3.714600E+00,+490.930E-03,+393.090E-03
-3.712650E+00,+490.930E-03,+392.211E-03
-3.710700E+00,+490.930E-03,+389.447E-03
-3.708750E+00,+490.930E-03,+395.352E-03
-3.706800E+00,+490.930E-03,+395.226E-03
-3.704850E+00,+490.930E-03,+392.337E-03
-3.702900E+00,+498.467E-03,+393.216E-03
-3.700950E+00,+490.930E-03,+391.332E-03
-3.699000E+00,+498.467E-03,+391.332E-03
-3.697050E+00,+486.407E-03,+389.322E-03
-3.695100E+00,+490.930E-03,+389.322E-03
-3.693150E+00,+490.930E-03,+392.337E-03
-3.691200E+00,+490.930E-03,+389.322E-03
-3.689250E+00,+494.447E-03,+393.342E-03
-3.687300E+00,+490.930E-03,+394.975E-03
-3.685350E+00,+494.950E-03,+393.467E-03
-3.683400E+00,+490.930E-03,+393.090E-03
-3.681450E+00,+494.950E-03,+391.457E-03
-3.679500E+00,+490.930E-03,+393.090E-03
-3.677550E+00,+490.930E-03,+392.211E-03
-3.675600E+00,+490.930E-03,+393.342E-03
-3.673650E+00,+490.930E-03,+390.327E-03
-3.671700E+00,+490.930E-03,+389.573E-03
-3.669750E+00,+490.930E-03,+394.221E-03
-3.667800E+00,+490.930E-03,+389.322E-03
-3.665850E+00,+490.930E-03,+392.211E-03
-3.663900E+00,+483.392E-03,+391.332E-03
-3.661950E+00,+490.930E-03,+393.342E-03
-3.660000E+00,+490.930E-03,+389.573E-03
-3.658050E+00,+490.930E-03,+390.201E-03
-3.656100E+00,+490.427E-03,+393.216E-03
-3.654150E+00,+490.930E-03,+390.201E-03
-3.652200E+00,+490.427E-03,+393.216E-03
-3.650250E+00,+490.930E-03,+394.221E-03
-3.648300E+00,+482.889E-03,+389.447E-03
-3.646350E+00,+490.930E-03,+387.688E-03
-3.644400E+00,+498.467E-03,+393.216E-03
-3.642450E+00,+494.447E-03,+394.347E-03
-3.640500E+00,+490.930E-03,+389.322E-03
-3.638550E+00,+490.930E-03,+392.337E-03
-3.636600E+00,+490.427E-03,+391.206E-03
-3.634650E+00,+494.447E-03,+391.080E-03
-3.632700E+00,+490.930E-03,+389.322E-03
-3.630750E+00,+490.930E-03,+390.327E-03
-3.628800E+00,+490.930E-03,+392.965E-03
-3.626850E+00,+494.950E-03,+391.332E-03
-3.624900E+00,+490.930E-03,+391.332E-03
-3.622950E+00,+490.930E-03,+393.467E-03
-3.621000E+00,+490.930E-03,+393.342E-03
-3.619050E+00,+490.930E-03,+391.457E-03
-3.617100E+00,+482.889E-03,+389.322E-03
-3.615150E+00,+490.930E-03,+389.322E-03
-3.613200E+00,+490.930E-03,+393.090E-03
-3.611250E+00,+486.407E-03,+391.080E-03
-3.609300E+00,+490.930E-03,+389.322E-03
-3.607350E+00,+494.447E-03,+392.588E-03
-3.605400E+00,+490.930E-03,+393.216E-03
-3.603450E+00,+490.930E-03,+392.337E-03
-3.601500E+00,+490.930E-03,+387.563E-03
-3.599550E+00,+490.930E-03,+392.211E-03
-3.597600E+00,+490.427E-03,+389.196E-03
-3.595650E+00,+491.432E-03,+391.332E-03
-3.593700E+00,+490.930E-03,+395.226E-03
-3.591750E+00,+494.447E-03,+393.342E-03
-3.589800E+00,+490.930E-03,+391.332E-03
-3.587850E+00,+490.930E-03,+390.578E-03
-3.585900E+00,+490.930E-03,+389.322E-03
-3.583950E+00,+490.930E-03,+390.327E-03
-3.582000E+00,+490.930E-03,+391.332E-03
-3.580050E+00,+490.930E-03,+390.327E-03
-3.578100E+00,+490.930E-03,+393.216E-03
-3.576150E+00,+490.930E-03,+391.457E-03
-3.574200E+00,+490.930E-03,+389.322E-03
-3.572250E+00,+490.930E-03,+390.201E-03
-3.570300E+00,+490.930E-03,+389.322E-03
-3.568350E+00,+486.910E-03,+391.457E-03
-3.566400E+00,+490.930E-03,+393.342E-03
-3.564450E+00,+490.930E-03,+391.080E-03
-3.562500E+00,+490.930E-03,+391.332E-03
-3.560550E+00,+494.950E-03,+393.342E-03
-3.558600E+00,+490.930E-03,+393.342E-03
-3.556650E+00,+490.930E-03,+394.347E-03
-3.554700E+00,+490.930E-03,+389.447E-03
-3.552750E+00,+490.930E-03,+390.327E-03
-3.550800E+00,+490.930E-03,+391.206E-03
-3.548850E+00,+490.930E-03,+390.201E-03
-3.546900E+00,+490.930E-03,+391.206E-03
-3.544950E+00,+490.930E-03,+390.201E-03
-3.543000E+00,+490.930E-03,+391.457E-03
-3.541050E+00,+486.407E-03,+392.211E-03
-3.539100E+00,+497.965E-03,+389.322E-03
-3.537150E+00,+490.930E-03,+391.080E-03
-3.535200E+00,+490.930E-03,+402.513E-03
-3.533250E+00,+490.930E-03,+393.467E-03
-3.531300E+00,+490.930E-03,+389.322E-03
-3.529350E+00,+490.930E-03,+391.080E-03
-3.527400E+00,+490.930E-03,+385.804E-03
-3.525450E+00,+490.930E-03,+392.211E-03
-3.523500E+00,+490.427E-03,+393.090E-03
-3.521550E+00,+490.930E-03,+390.201E-03
-3.519600E+00,+490.930E-03,+393.216E-03
-3.517650E+00,+490.930E-03,+389.322E-03
-3.515700E+00,+490.930E-03,+391.332E-03
-3.513750E+00,+486.910E-03,+391.960E-03
-3.511800E+00,+490.930E-03,+393.090E-03
-3.509850E+00,+494.447E-03,+392.211E-03
-3.507900E+00,+490.930E-03,+387.312E-03
-3.505950E+00,+490.930E-03,+391.457E-03
-3.504000E+00,+490.930E-03,+394.975E-03
-3.502050E+00,+490.930E-03,+389.070E-03
-3.500100E+00,+482.889E-03,+391.080E-03
-3.498150E+00,+490.930E-03,+392.337E-03
-3.496200E+00,+490.930E-03,+389.322E-03
-3.494250E+00,+490.930E-03,+388.317E-03
-3.492300E+00,+498.467E-03,+389.322E-03
-3.490350E+00,+490.930E-03,+391.080E-03
-3.488400E+00,+490.930E-03,+391.332E-03
-3.486450E+00,+490.930E-03,+390.327E-03
-3.484500E+00,+490.930E-03,+389.447E-03
-3.482550E+00,+494.447E-03,+392.211E-03
-3.480600E+00,+482.889E-03,+393.090E-03
-3.478650E+00,+490.930E-03,+391.332E-03
-3.476700E+00,+490.930E-03,+391.332E-03
-3.474750E+00,+490.930E-03,+392.337E-03
-3.472800E+00,+482.889E-03,+393.342E-03
-3.470850E+00,+490.930E-03,+390.327E-03
-3.468900E+00,+490.930E-03,+395.100E-03
-3.466950E+00,+490.930E-03,+390.829E-03
-3.465000E+00,+490.930E-03,+391.332E-03
-3.463050E+00,+490.930E-03,+393.342E-03
-3.461100E+00,+490.930E-03,+393.090E-03
-3.459150E+00,+486.910E-03,+390.327E-03
-3.457200E+00,+482.889E-03,+389.196E-03
-3.455250E+00,+486.910E-03,+390.327E-03
-3.453300E+00,+482.889E-03,+389.573E-03
-3.451350E+00,+490.930E-03,+394.221E-03
-3.449400E+00,+490.930E-03,+393.090E-03
-3.447450E+00,+482.889E-03,+390.201E-03
-3.445500E+00,+490.930E-03,+391.206E-03
-3.443550E+00,+490.930E-03,+390.578E-03
-3.441600E+00,+490.427E-03,+393.216E-03
-3.439650E+00,+490.930E-03,+392.211E-03
-3.437700E+00,+490.930E-03,+391.206E-03
-3.435750E+00,+490.930E-03,+392.211E-03
-3.433800E+00,+490.930E-03,+391.332E-03
-3.431850E+00,+494.950E-03,+392.337E-03
-3.429900E+00,+498.467E-03,+393.090E-03
-3.427950E+00,+490.930E-03,+391.457E-03
-3.426000E+00,+490.930E-03,+391.206E-03
-3.424050E+00,+490.930E-03,+391.080E-03
-3.422100E+00,+490.930E-03,+395.100E-03
-3.420150E+00,+494.950E-03,+393.342E-03
-3.418200E+00,+490.930E-03,+391.332E-03
-3.416250E+00,+490.930E-03,+391.080E-03
-3.414300E+00,+490.930E-03,+391.206E-03
-3.412350E+00,+489.925E-03,+391.332E-03
-3.410400E+00,+490.930E-03,+389.447E-03
-3.408450E+00,+494.447E-03,+390.201E-03
-3.406500E+00,+490.930E-03,+391.332E-03
-3.404550E+00,+490.930E-03,+392.337E-03
-3.402600E+00,+490.930E-03,+389.322E-03
-3.400650E+00,+490.930E-03,+393.090E-03
-3.398700E+00,+490.930E-03,+395.226E-03
-3.396750E+00,+490.930E-03,+393.342E-03
-3.394800E+00,+490.930E-03,+391.332E-03
-3.392850E+00,+490.930E-03,+391.080E-03
-3.390900E+00,+498.467E-03,+393.342E-03
-3.388950E+00,+490.930E-03,+391.080E-03
-3.387000E+00,+482.889E-03,+391.206E-03
-3.385050E+00,+486.407E-03,+390.327E-03
-3.383100E+00,+490.930E-03,+391.332E-03
-3.381150E+00,+486.910E-03,+389.447E-03
-3.379200E+00,+490.930E-03,+389.322E-03
-3.377250E+00,+490.930E-03,+391.332E-03
-3.375300E+00,+490.930E-03,+391.332E-03
-3.373350E+00,+486.910E-03,+389.322E-03
-3.371400E+00,+490.930E-03,+389.573E-03
-3.369450E+00,+490.930E-03,+392.211E-03
-3.367500E+00,+490.930E-03,+394.975E-03
-3.365550E+00,+490.930E-03,+390.201E-03
-3.363600E+00,+490.930E-03,+391.206E-03
-3.361650E+00,+486.407E-03,+391.080E-03
-3.359700E+00,+490.427E-03,+393.342E-03
-3.357750E+00,+490.930E-03,+392.588E-03
-3.355800E+00,+490.930E-03,+391.080E-03
-3.353850E+00,+490.930E-03,+391.332E-03
-3.351900E+00,+490.930E-03,+391.332E-03
-3.349950E+00,+490.930E-03,+390.327E-03
-3.348000E+00,+490.930E-03,+391.332E-03
-3.346050E+00,+490.930E-03,+392.337E-03
-3.344100E+00,+490.930E-03,+389.447E-03
-3.342150E+00,+490.930E-03,+391.332E-03
-3.340200E+00,+490.930E-03,+393.090E-03
-3.338250E+00,+490.930E-03,+393.342E-03
-3.336300E+00,+490.930E-03,+392.965E-03
-3.334350E+00,+494.447E-03,+391.080E-03
-3.332400E+00,+490.930E-03,+393.216E-03
-3.330450E+00,+494.447E-03,+391.080E-03
-3.328500E+00,+498.970E-03,+395.352E-03
-3.326550E+00,+490.930E-03,+390.201E-03
-3.324600E+00,+490.930E-03,+393.090E-03
-3.322650E+00,+494.950E-03,+392.211E-03
-3.320700E+00,+490.930E-03,+391.332E-03
-3.318750E+00,+490.930E-03,+389.322E-03
-3.316800E+00,+490.930E-03,+391.332E-03
-3.314850E+00,+490.930E-03,+392.211E-03
-3.312900E+00,+490.930E-03,+393.342E-03
-3.310950E+00,+490.930E-03,+391.457E-03
-3.309000E+00,+490.930E-03,+391.332E-03
-3.307050E+00,+490.930E-03,+393.342E-03
-3.305100E+00,+490.930E-03,+389.447E-03
-3.303150E+00,+490.930E-03,+391.332E-03
-3.301200E+00,+490.930E-03,+393.090E-03
-3.299250E+00,+494.447E-03,+393.342E-03
-3.297300E+00,+498.467E-03,+391.332E-03
-3.295350E+00,+490.930E-03,+391.332E-03
-3.293400E+00,+490.930E-03,+391.332E-03
-3.291450E+00,+490.930E-03,+390.201E-03
-3.289500E+00,+490.930E-03,+387.563E-03
-3.287550E+00,+490.930E-03,+389.950E-03
-3.285600E+00,+490.427E-03,+387.437E-03
-3.283650E+00,+490.930E-03,+393.467E-03
-3.281700E+00,+490.930E-03,+393.216E-03
-3.279750E+00,+490.930E-03,+390.327E-03
-3.277800E+00,+490.930E-03,+389.322E-03
-3.275850E+00,+486.407E-03,+391.080E-03
-3.273900E+00,+490.930E-03,+389.322E-03
-3.271950E+00,+490.930E-03,+392.211E-03
-3.270000E+00,+482.889E-03,+393.090E-03
-3.268050E+00,+490.930E-03,+391.457E-03
-3.266100E+00,+498.467E-03,+393.342E-03
-3.264150E+00,+486.910E-03,+389.447E-03
-3.262200E+00,+489.925E-03,+393.090E-03
-3.260250E+00,+490.930E-03,+391.080E-03
-3.258300E+00,+490.930E-03,+393.216E-03
-3.256350E+00,+490.930E-03,+391.332E-03
-3.254400E+00,+490.930E-03,+389.196E-03
-3.252450E+00,+486.910E-03,+391.080E-03
-3.250500E+00,+490.930E-03,+391.332E-03
-3.248550E+00,+490.930E-03,+390.201E-03
-3.246600E+00,+482.889E-03,+393.342E-03
-3.244650E+00,+490.930E-03,+387.437E-03
-3.242700E+00,+490.930E-03,+391.332E-03
-3.240750E+00,+490.930E-03,+392.211E-03
-3.238800E+00,+490.930E-03,+396.985E-03
-3.236850E+00,+490.930E-03,+388.819E-03
-3.234900E+00,+498.467E-03,+393.342E-03
-3.232950E+00,+490.930E-03,+392.337E-03
-3.231000E+00,+490.930E-03,+391.332E-03
-3.229050E+00,+490.930E-03,+395.352E-03
-3.227100E+00,+490.427E-03,+391.206E-03
-3.225150E+00,+486.910E-03,+391.332E-03
-3.223200E+00,+490.930E-03,+391.457E-03
-3.221250E+00,+490.930E-03,+390.201E-03
-3.219300E+00,+490.930E-03,+389.322E-03
-3.217350E+00,+490.930E-03,+392.211E-03
-3.215400E+00,+482.889E-03,+391.206E-03
-3.213450E+00,+490.930E-03,+393.467E-03
-3.211500E+00,+490.930E-03,+389.322E-03
-3.209550E+00,+482.889E-03,+391.080E-03
-3.207600E+00,+498.467E-03,+391.332E-03
-3.205650E+00,+490.930E-03,+392.211E-03
-3.203700E+00,+490.930E-03,+391.332E-03
-3.201750E+00,+490.930E-03,+393.467E-03
-3.199800E+00,+490.930E-03,+389.447E-03
-3.197850E+00,+490.930E-03,+393.342E-03
-3.195900E+00,+490.930E-03,+391.206E-03
-3.193950E+00,+490.930E-03,+392.588E-03
-3.192000E+00,+490.930E-03,+391.332E-03
-3.190050E+00,+486.910E-03,+392.337E-03
-3.188100E+00,+490.930E-03,+393.090E-03
-3.186150E+00,+490.930E-03,+390.327E-03
-3.184200E+00,+490.930E-03,+393.342E-03
-3.182250E+00,+490.930E-03,+390.201E-03
-3.180300E+00,+490.427E-03,+391.206E-03
-3.178350E+00,+490.930E-03,+391.332E-03
-3.176400E+00,+497.965E-03,+393.216E-03
-3.174450E+00,+490.930E-03,+394.347E-03
-3.172500E+00,+490.930E-03,+389.322E-03
-3.170550E+00,+494.950E-03,+393.342E-03
-3.168600E+00,+490.930E-03,+393.342E-03
-3.166650E+00,+490.930E-03,+392.337E-03
-3.164700E+00,+490.930E-03,+393.090E-03
-3.162750E+00,+490.930E-03,+391.332E-03
-3.160800E+00,+490.930E-03,+391.332E-03
-3.158850E+00,+486.910E-03,+391.457E-03
-3.156900E+00,+490.930E-03,+393.090E-03
-3.154950E+00,+490.930E-03,+388.317E-03
-3.153000E+00,+482.889E-03,+391.332E-03
-3.151050E+00,+490.930E-03,+392.211E-03
-3.149100E+00,+483.392E-03,+393.342E-03
-3.147150E+00,+490.930E-03,+391.457E-03
-3.145200E+00,+490.930E-03,+392.965E-03
-3.143250E+00,+494.447E-03,+392.211E-03
-3.141300E+00,+490.427E-03,+391.206E-03
-3.139350E+00,+490.930E-03,+393.090E-03
-3.137400E+00,+498.467E-03,+389.322E-03
-3.135450E+00,+490.930E-03,+391.332E-03
-3.133500E+00,+490.930E-03,+394.975E-03
-3.131550E+00,+490.930E-03,+390.327E-03
-3.129600E+00,+490.930E-03,+395.100E-03
-3.127650E+00,+490.930E-03,+390.578E-03
-3.125700E+00,+490.930E-03,+396.859E-03
-3.123750E+00,+490.930E-03,+392.211E-03
-3.121800E+00,+490.427E-03,+391.332E-03
-3.119850E+00,+490.930E-03,+392.211E-03
-3.117900E+00,+490.930E-03,+389.447E-03
-3.115950E+00,+490.930E-03,+393.342E-03
-3.114000E+00,+490.930E-03,+391.332E-03
-3.112050E+00,+490.930E-03,+391.960E-03
-3.110100E+00,+490.930E-03,+395.100E-03
-3.108150E+00,+494.447E-03,+390.578E-03
-3.106200E+00,+482.889E-03,+389.322E-03
-3.104250E+00,+490.930E-03,+389.322E-03
-3.102300E+00,+498.467E-03,+389.322E-03
-3.100350E+00,+486.407E-03,+389.322E-03
-3.098400E+00,+490.930E-03,+391.332E-03
-3.096450E+00,+494.447E-03,+388.191E-03
-3.094500E+00,+483.392E-03,+389.322E-03
-3.092550E+00,+490.930E-03,+389.070E-03
-3.090600E+00,+498.467E-03,+392.965E-03
-3.088650E+00,+490.930E-03,+390.327E-03
-3.086700E+00,+490.427E-03,+393.216E-03
-3.084750E+00,+490.930E-03,+394.221E-03
-3.082800E+00,+490.930E-03,+393.342E-03
-3.080850E+00,+490.930E-03,+392.337E-03
-3.078900E+00,+482.889E-03,+393.342E-03
-3.076950E+00,+494.950E-03,+391.080E-03
-3.075000E+00,+490.930E-03,+393.342E-03
-3.073050E+00,+490.930E-03,+392.211E-03
-3.071100E+00,+490.930E-03,+395.226E-03
-3.069150E+00,+490.930E-03,+391.457E-03
-3.067200E+00,+490.930E-03,+389.447E-03
-3.065250E+00,+494.950E-03,+393.090E-03
-3.063300E+00,+482.889E-03,+387.437E-03
-3.061350E+00,+490.930E-03,+391.457E-03
-3.059400E+00,+490.930E-03,+387.563E-03
-3.057450E+00,+490.930E-03,+389.322E-03
-3.055500E+00,+490.427E-03,+393.342E-03
-3.053550E+00,+490.930E-03,+389.950E-03
-3.051600E+00,+490.930E-03,+391.206E-03
-3.049650E+00,+490.930E-03,+392.337E-03
-3.047700E+00,+490.930E-03,+393.216E-03
-3.045750E+00,+490.930E-03,+393.342E-03
-3.043800E+00,+490.930E-03,+393.216E-03
-3.041850E+00,+490.930E-03,+392.211E-03
-3.039900E+00,+490.930E-03,+393.342E-03
-3.037950E+00,+486.910E-03,+392.211E-03
-3.036000E+00,+490.930E-03,+389.573E-03
-3.034050E+00,+490.930E-03,+390.327E-03
-3.032100E+00,+490.930E-03,+393.342E-03
-3.030150E+00,+490.930E-03,+389.447E-03
-3.028200E+00,+490.930E-03,+389.573E-03
-3.026250E+00,+490.930E-03,+389.447E-03
-3.024300E+00,+490.930E-03,+389.322E-03
-3.022350E+00,+490.930E-03,+390.201E-03
-3.020400E+00,+490.930E-03,+389.322E-03
-3.018450E+00,+490.930E-03,+392.337E-03
-3.016500E+00,+490.930E-03,+389.824E-03
-3.014550E+00,+490.930E-03,+391.457E-03
-3.012600E+00,+490.930E-03,+393.216E-03
-3.010650E+00,+490.930E-03,+391.080E-03
-3.008700E+00,+498.467E-03,+391.206E-03
-3.006750E+00,+490.930E-03,+390.327E-03
-3.004800E+00,+490.930E-03,+391.080E-03
-3.002850E+00,+490.930E-03,+394.221E-03
-3.000900E+00,+490.930E-03,+391.332E-03
-2.998950E+00,+490.930E-03,+394.221E-03
-2.997000E+00,+498.467E-03,+391.332E-03
-2.995050E+00,+486.910E-03,+391.332E-03
-2.993100E+00,+498.467E-03,+395.352E-03
-2.991150E+00,+490.930E-03,+392.211E-03
-2.989200E+00,+490.930E-03,+391.332E-03
-2.987250E+00,+490.930E-03,+390.201E-03
-2.985300E+00,+490.930E-03,+395.226E-03
-2.983350E+00,+490.930E-03,+392.337E-03
-2.981400E+00,+490.930E-03,+391.332E-03
-2.979450E+00,+490.930E-03,+392.211E-03
-2.977500E+00,+490.930E-03,+393.216E-03
-2.975550E+00,+482.889E-03,+392.337E-03
-2.973600E+00,+490.930E-03,+393.090E-03
-2.971650E+00,+490.930E-03,+391.457E-03
-2.969700E+00,+482.889E-03,+393.090E-03
-2.967750E+00,+490.930E-03,+388.191E-03
-2.965800E+00,+482.889E-03,+393.342E-03
-2.963850E+00,+494.447E-03,+389.322E-03
-2.961900E+00,+482.889E-03,+393.216E-03
-2.959950E+00,+490.930E-03,+392.211E-03
-2.958000E+00,+490.930E-03,+389.447E-03
-2.956050E+00,+499.472E-03,+392.211E-03
-2.954100E+00,+490.930E-03,+389.322E-03
-2.952150E+00,+486.407E-03,+390.327E-03
-2.950200E+00,+490.427E-03,+393.090E-03
-2.948250E+00,+490.930E-03,+392.211E-03
-2.946300E+00,+490.930E-03,+393.342E-03
-2.944350E+00,+490.930E-03,+392.211E-03
-2.942400E+00,+490.930E-03,+393.090E-03
-2.940450E+00,+486.910E-03,+392.588E-03
-2.938500E+00,+490.930E-03,+393.342E-03
-2.936550E+00,+490.930E-03,+394.849E-03
-2.934600E+00,+490.930E-03,+389.322E-03
-2.932650E+00,+494.950E-03,+392.211E-03
-2.930700E+00,+490.930E-03,+391.332E-03
-2.928750E+00,+494.950E-03,+389.950E-03
-2.926800E+00,+490.930E-03,+393.216E-03
-2.924850E+00,+490.930E-03,+389.322E-03
-2.922900E+00,+490.930E-03,+387.563E-03
-2.920950E+00,+494.447E-03,+389.950E-03
-2.919000E+00,+490.930E-03,+391.206E-03
-2.917050E+00,+490.930E-03,+389.322E-03
-2.915100E+00,+498.467E-03,+389.322E-03
-2.913150E+00,+486.910E-03,+390.201E-03
-2.911200E+00,+490.930E-03,+393.342E-03
-2.909250E+00,+490.930E-03,+390.327E-03
-2.907300E+00,+490.930E-03,+393.216E-03
-2.905350E+00,+490.930E-03,+389.322E-03
-2.903400E+00,+490.930E-03,+389.322E-03
-2.901450E+00,+486.407E-03,+391.457E-03
-2.899500E+00,+490.930E-03,+389.322E-03
-2.897550E+00,+490.930E-03,+392.337E-03
-2.895600E+00,+490.427E-03,+387.312E-03
-2.893650E+00,+486.407E-03,+389.070E-03
-2.891700E+00,+490.930E-03,+389.573E-03
-2.889750E+00,+490.930E-03,+390.201E-03
-2.887800E+00,+490.930E-03,+391.332E-03
-2.885850E+00,+490.930E-03,+393.342E-03
-2.883900E+00,+490.930E-03,+387.563E-03
-2.881950E+00,+490.930E-03,+392.211E-03
-2.880000E+00,+490.930E-03,+391.332E-03
-2.878050E+00,+490.930E-03,+393.342E-03
-2.876100E+00,+490.930E-03,+389.447E-03
-2.874150E+00,+490.930E-03,+391.080E-03
-2.872200E+00,+490.930E-03,+389.322E-03
-2.870250E+00,+494.950E-03,+389.070E-03
-2.868300E+00,+490.930E-03,+391.332E-03
-2.866350E+00,+490.930E-03,+388.191E-03
-2.864400E+00,+490.930E-03,+391.332E-03
-2.862450E+00,+490.930E-03,+391.080E-03
-2.860500E+00,+490.930E-03,+389.322E-03
-2.858550E+00,+490.930E-03,+390.327E-03
-2.856600E+00,+490.930E-03,+393.090E-03
-2.854650E+00,+490.930E-03,+393.342E-03
-2.852700E+00,+490.427E-03,+393.342E-03
-2.850750E+00,+489.925E-03,+389.447E-03
-2.848800E+00,+490.930E-03,+393.090E-03
-2.846850E+00,+490.930E-03,+394.221E-03
-2.844900E+00,+498.467E-03,+389.322E-03
-2.842950E+00,+490.930E-03,+392.588E-03
-2.841000E+00,+490.930E-03,+393.216E-03
-2.839050E+00,+490.930E-03,+392.211E-03
-2.837100E+00,+490.930E-03,+389.196E-03
-2.835150E+00,+494.447E-03,+394.221E-03
-2.833200E+00,+482.889E-03,+389.447E-03
-2.831250E+00,+490.930E-03,+389.322E-03
-2.829300E+00,+490.930E-03,+391.332E-03
-2.827350E+00,+490.930E-03,+392.337E-03
-2.825400E+00,+490.930E-03,+389.447E-03
-2.823450E+00,+490.930E-03,+389.950E-03
-2.821500E+00,+490.930E-03,+391.332E-03
-2.819550E+00,+490.930E-03,+394.221E-03
-2.817600E+00,+490.930E-03,+389.447E-03
-2.815650E+00,+494.447E-03,+393.342E-03
-2.813700E+00,+498.467E-03,+393.342E-03
-2.811750E+00,+490.930E-03,+390.327E-03
-2.809800E+00,+490.930E-03,+391.206E-03
-2.807850E+00,+490.930E-03,+390.327E-03
-2.805900E+00,+482.889E-03,+391.206E-03
-2.803950E+00,+490.930E-03,+391.080E-03
-2.802000E+00,+490.930E-03,+392.965E-03
-2.800050E+00,+490.930E-03,+393.342E-03
-2.798100E+00,+490.930E-03,+389.196E-03
-2.796150E+00,+490.930E-03,+387.312E-03
-2.794200E+00,+490.427E-03,+391.332E-03
-2.792250E+00,+490.930E-03,+393.342E-03
-2.790300E+00,+490.930E-03,+387.563E-03
-2.788350E+00,+494.950E-03,+389.322E-03
-2.786400E+00,+490.930E-03,+389.447E-03
-2.784450E+00,+490.930E-03,+392.337E-03
-2.782500E+00,+490.930E-03,+391.332E-03
-2.780550E+00,+486.910E-03,+391.332E-03
-2.778600E+00,+490.930E-03,+391.332E-03
-2.776650E+00,+490.930E-03,+392.211E-03
-2.774700E+00,+490.930E-03,+393.342E-03
-2.772750E+00,+490.930E-03,+390.578E-03
-2.770800E+00,+490.930E-03,+391.332E-03
-2.768850E+00,+490.930E-03,+391.457E-03
-2.766900E+00,+490.930E-03,+391.332E-03
-2.764950E+00,+490.930E-03,+393.467E-03
-2.763000E+00,+490.930E-03,+393.090E-03
-2.761050E+00,+494.447E-03,+392.211E-03
-2.759100E+00,+482.889E-03,+391.332E-03
-2.757150E+00,+490.930E-03,+392.337E-03
-2.755200E+00,+490.930E-03,+389.322E-03
-2.753250E+00,+486.910E-03,+392.337E-03
-2.751300E+00,+490.930E-03,+391.332E-03
-2.749350E+00,+490.930E-03,+389.070E-03
-2.747400E+00,+490.930E-03,+395.226E-03
-2.745450E+00,+490.930E-03,+388.317E-03
-2.743500E+00,+490.930E-03,+389.322E-03
-2.741550E+00,+490.930E-03,+392.337E-03
-2.739600E+00,+490.930E-03,+393.090E-03
-2.737650E+00,+494.447E-03,+390.327E-03
-2.735700E+00,+490.930E-03,+391.206E-03
-2.733750E+00,+490.930E-03,+392.211E-03
-2.731800E+00,+490.930E-03,+393.090E-03
-2.729850E+00,+490.930E-03,+394.347E-03
-2.727900E+00,+490.427E-03,+393.342E-03
-2.725950E+00,+482.889E-03,+393.342E-03
-2.724000E+00,+490.930E-03,+389.447E-03
-2.722050E+00,+490.930E-03,+389.322E-03
-2.720100E+00,+490.930E-03,+395.100E-03
-2.718150E+00,+490.930E-03,+393.342E-03
-2.716200E+00,+490.930E-03,+391.332E-03
-2.714250E+00,+490.930E-03,+388.317E-03
-2.712300E+00,+490.930E-03,+391.332E-03
-2.710350E+00,+490.930E-03,+389.950E-03
-2.708400E+00,+498.467E-03,+387.312E-03
-2.706450E+00,+498.970E-03,+391.960E-03
-2.704500E+00,+490.930E-03,+389.447E-03
-2.702550E+00,+490.930E-03,+392.337E-03
-2.700600E+00,+490.930E-03,+391.206E-03
-2.698650E+00,+490.930E-03,+393.342E-03
-2.696700E+00,+498.970E-03,+391.332E-03
-2.694750E+00,+490.930E-03,+391.080E-03
-2.692800E+00,+490.930E-03,+389.322E-03
-2.690850E+00,+490.930E-03,+392.211E-03
-2.688900E+00,+490.930E-03,+389.322E-03
-2.686950E+00,+490.930E-03,+391.457E-03
-2.685000E+00,+482.889E-03,+392.965E-03
-2.683050E+00,+490.930E-03,+392.211E-03
-2.681100E+00,+490.930E-03,+387.437E-03
-2.679150E+00,+490.930E-03,+392.211E-03
-2.677200E+00,+490.930E-03,+393.216E-03
-2.675250E+00,+490.930E-03,+392.211E-03
-2.673300E+00,+490.930E-03,+393.216E-03
-2.671350E+00,+490.930E-03,+391.709E-03
-2.669400E+00,+490.930E-03,+391.080E-03
-2.667450E+00,+490.930E-03,+392.588E-03
-2.665500E+00,+490.930E-03,+387.312E-03
-2.663550E+00,+490.930E-03,+391.332E-03
-2.661600E+00,+490.930E-03,+393.342E-03
-2.659650E+00,+490.930E-03,+393.342E-03
-2.657700E+00,+490.930E-03,+389.322E-03
-2.655750E+00,+490.930E-03,+393.467E-03
-2.653800E+00,+490.930E-03,+391.206E-03
-2.651850E+00,+486.910E-03,+389.447E-03
-2.649900E+00,+490.930E-03,+396.859E-03
-2.647950E+00,+486.910E-03,+389.322E-03
-2.646000E+00,+490.930E-03,+389.447E-03
-2.644050E+00,+490.930E-03,+391.960E-03
-2.642100E+00,+498.467E-03,+389.196E-03
-2.640150E+00,+494.950E-03,+391.960E-03
-2.638200E+00,+490.930E-03,+385.553E-03
-2.636250E+00,+494.950E-03,+391.080E-03
-2.634300E+00,+490.930E-03,+391.332E-03
-2.632350E+00,+490.930E-03,+392.211E-03
-2.630400E+00,+490.930E-03,+391.206E-03
-2.628450E+00,+490.930E-03,+392.211E-03
-2.626500E+00,+490.930E-03,+391.206E-03
-2.624550E+00,+490.930E-03,+390.327E-03
-2.622600E+00,+490.930E-03,+393.342E-03
-2.620650E+00,+486.407E-03,+391.332E-03
-2.618700E+00,+490.930E-03,+391.332E-03
-2.616750E+00,+486.910E-03,+387.312E-03
-2.614800E+00,+490.930E-03,+391.332E-03
-2.612850E+00,+494.447E-03,+392.211E-03
-2.610900E+00,+490.930E-03,+393.090E-03
-2.608950E+00,+494.447E-03,+392.337E-03
-2.607000E+00,+490.930E-03,+393.090E-03
-2.605050E+00,+490.930E-03,+388.191E-03
-2.603100E+00,+490.427E-03,+391.332E-03
-2.601150E+00,+486.407E-03,+391.960E-03
-2.599200E+00,+490.930E-03,+391.332E-03
-2.597250E+00,+494.447E-03,+390.327E-03
-2.595300E+00,+490.930E-03,+389.447E-03
-2.593350E+00,+494.447E-03,+391.080E-03
-2.591400E+00,+490.930E-03,+389.322E-03
-2.589450E+00,+491.432E-03,+392.211E-03
-2.587500E+00,+490.930E-03,+392.965E-03
-2.585550E+00,+494.950E-03,+393.467E-03
-2.583600E+00,+490.930E-03,+391.206E-03
-2.581650E+00,+490.930E-03,+391.080E-03
-2.579700E+00,+490.930E-03,+389.447E-03
-2.577750E+00,+490.930E-03,+392.211E-03
-2.575800E+00,+490.427E-03,+389.196E-03
-2.573850E+00,+490.930E-03,+391.457E-03
-2.571900E+00,+490.930E-03,+389.447E-03
-2.569950E+00,+490.930E-03,+391.332E-03
-2.568000E+00,+498.467E-03,+393.342E-03
-2.566050E+00,+490.930E-03,+393.090E-03
-2.564100E+00,+490.930E-03,+389.322E-03
-2.562150E+00,+486.910E-03,+389.070E-03
-2.560200E+00,+490.427E-03,+389.447E-03
-2.558250E+00,+494.447E-03,+390.201E-03
-2.556300E+00,+497.965E-03,+391.206E-03
-2.554350E+00,+490.930E-03,+392.588E-03
-2.552400E+00,+490.930E-03,+393.216E-03
-2.550450E+00,+490.930E-03,+391.960E-03
-2.548500E+00,+490.930E-03,+387.563E-03
-2.546550E+00,+491.432E-03,+391.457E-03
-2.544600E+00,+498.467E-03,+391.332E-03
-2.542650E+00,+490.930E-03,+392.337E-03
-2.540700E+00,+490.930E-03,+393.216E-03
-2.538750E+00,+498.970E-03,+392.211E-03
-2.536800E+00,+490.427E-03,+394.975E-03
-2.534850E+00,+490.930E-03,+393.719E-03
-2.532900E+00,+490.930E-03,+389.447E-03
-2.530950E+00,+490.930E-03,+390.201E-03
-2.529000E+00,+482.889E-03,+389.322E-03
-2.527050E+00,+490.930E-03,+393.342E-03
-2.525100E+00,+490.930E-03,+391.332E-03
-2.523150E+00,+486.910E-03,+390.327E-03
-2.521200E+00,+490.930E-03,+389.196E-03
-2.519250E+00,+494.950E-03,+393.342E-03
-2.517300E+00,+490.930E-03,+391.332E-03
-2.515350E+00,+490.930E-03,+388.191E-03
-2.513400E+00,+490.930E-03,+391.332E-03
-2.511450E+00,+490.930E-03,+391.080E-03
-2.509500E+00,+490.930E-03,+387.563E-03
-2.507550E+00,+490.930E-03,+391.457E-03
-2.505600E+00,+482.889E-03,+389.322E-03
-2.503650E+00,+490.930E-03,+390.327E-03
-2.501700E+00,+490.930E-03,+389.447E-03
-2.499750E+00,+494.447E-03,+390.578E-03
-2.497800E+00,+490.930E-03,+393.090E-03
-2.495850E+00,+490.930E-03,+389.322E-03
-2.493900E+00,+490.930E-03,+391.332E-03
-2.491950E+00,+490.930E-03,+391.457E-03
-2.490000E+00,+490.930E-03,+393.342E-03
-2.488050E+00,+494.447E-03,+389.698E-03
-2.486100E+00,+490.930E-03,+389.447E-03
-2.484150E+00,+490.930E-03,+389.322E-03
-2.482200E+00,+490.930E-03,+393.090E-03
-2.480250E+00,+494.950E-03,+393.342E-03
-2.478300E+00,+482.889E-03,+393.342E-03
-2.476350E+00,+494.447E-03,+392.211E-03
-2.474400E+00,+489.422E-03,+393.342E-03
-2.472450E+00,+486.407E-03,+392.337E-03
-2.470500E+00,+490.930E-03,+393.090E-03
-2.468550E+00,+490.930E-03,+391.457E-03
-2.466600E+00,+497.965E-03,+393.090E-03
-2.464650E+00,+486.910E-03,+389.447E-03
-2.462700E+00,+490.930E-03,+392.965E-03
-2.460750E+00,+498.970E-03,+393.342E-03
-2.458800E+00,+490.930E-03,+391.206E-03
-2.456850E+00,+490.930E-03,+392.211E-03
-2.454900E+00,+490.930E-03,+389.322E-03
-2.452950E+00,+486.910E-03,+389.070E-03
-2.451000E+00,+490.930E-03,+393.216E-03
-2.449050E+00,+490.930E-03,+392.211E-03
-2.447100E+00,+483.392E-03,+391.332E-03
-2.445150E+00,+490.930E-03,+391.080E-03
-2.443200E+00,+482.889E-03,+387.563E-03
-2.441250E+00,+486.910E-03,+392.337E-03
-2.439300E+00,+490.930E-03,+393.342E-03
-2.437350E+00,+490.930E-03,+393.342E-03
-2.435400E+00,+490.930E-03,+389.322E-03
-2.433450E+00,+490.930E-03,+390.327E-03
-2.431500E+00,+490.930E-03,+393.216E-03
-2.429550E+00,+490.930E-03,+392.337E-03
-2.427600E+00,+490.930E-03,+393.342E-03
-2.425650E+00,+490.930E-03,+394.347E-03
-2.423700E+00,+498.467E-03,+391.206E-03
-2.421750E+00,+494.447E-03,+393.342E-03
-2.419800E+00,+490.930E-03,+393.342E-03
-2.417850E+00,+490.930E-03,+392.211E-03
-2.415900E+00,+490.427E-03,+391.332E-03
-2.413950E+00,+490.930E-03,+389.950E-03
-2.412000E+00,+490.930E-03,+387.688E-03
-2.410050E+00,+494.447E-03,+391.332E-03
-2.408100E+00,+490.930E-03,+389.322E-03
-2.406150E+00,+490.930E-03,+391.457E-03
-2.404200E+00,+490.930E-03,+389.447E-03
-2.402250E+00,+490.930E-03,+390.201E-03
-2.400300E+00,+490.930E-03,+389.322E-03
-2.398350E+00,+490.930E-03,+394.221E-03
-2.396400E+00,+490.930E-03,+391.206E-03
-2.394450E+00,+490.930E-03,+389.322E-03
-2.392500E+00,+490.930E-03,+393.090E-03
-2.390550E+00,+490.930E-03,+392.211E-03
-2.388600E+00,+490.930E-03,+387.437E-03
-2.386650E+00,+490.930E-03,+392.211E-03
-2.384700E+00,+490.930E-03,+389.573E-03
-2.382750E+00,+490.930E-03,+389.950E-03
-2.380800E+00,+490.930E-03,+391.206E-03
-2.378850E+00,+494.447E-03,+393.342E-03
-2.376900E+00,+482.889E-03,+387.312E-03
-2.374950E+00,+490.930E-03,+394.221E-03
-2.373000E+00,+490.930E-03,+393.342E-03
-2.371050E+00,+490.930E-03,+391.960E-03
-2.369100E+00,+490.930E-03,+393.216E-03
-2.367150E+00,+490.930E-03,+390.578E-03
-2.365200E+00,+498.467E-03,+391.332E-03
-2.363250E+00,+490.930E-03,+389.322E-03
-2.361300E+00,+490.930E-03,+393.342E-03
-2.359350E+00,+494.447E-03,+393.342E-03
-2.357400E+00,+490.930E-03,+395.226E-03
-2.355450E+00,+490.930E-03,+390.201E-03
-2.353500E+00,+490.930E-03,+389.447E-03
-2.351550E+00,+490.930E-03,+394.221E-03
-2.349600E+00,+482.889E-03,+393.342E-03
-2.347650E+00,+490.930E-03,+392.337E-03
-2.345700E+00,+490.930E-03,+393.342E-03
-2.343750E+00,+490.930E-03,+391.080E-03
-2.341800E+00,+490.930E-03,+393.090E-03
-2.339850E+00,+490.930E-03,+391.080E-03
-2.337900E+00,+490.930E-03,+391.457E-03
-2.335950E+00,+490.930E-03,+391.080E-03
-2.334000E+00,+490.930E-03,+389.447E-03
-2.332050E+00,+494.447E-03,+391.332E-03
-2.330100E+00,+490.930E-03,+391.206E-03
-2.328150E+00,+490.930E-03,+392.211E-03
-2.326200E+00,+490.930E-03,+391.332E-03
-2.324250E+00,+490.930E-03,+393.342E-03
-2.322300E+00,+498.467E-03,+391.332E-03
-2.320350E+00,+490.930E-03,+391.080E-03
-2.318400E+00,+490.930E-03,+391.206E-03
-2.316450E+00,+490.930E-03,+390.327E-03
-2.314500E+00,+482.889E-03,+389.447E-03
-2.312550E+00,+490.930E-03,+389.950E-03
-2.310600E+00,+490.930E-03,+389.447E-03
-2.308650E+00,+490.930E-03,+390.578E-03
-2.306700E+00,+490.930E-03,+392.462E-03
-2.304750E+00,+490.930E-03,+389.070E-03
-2.302800E+00,+490.930E-03,+387.437E-03
-2.300850E+00,+490.930E-03,+389.070E-03
-2.298900E+00,+490.930E-03,+387.312E-03
-2.296950E+00,+490.930E-03,+390.327E-03
-2.295000E+00,+498.467E-03,+389.447E-03
-2.293050E+00,+494.950E-03,+391.080E-03
-2.291100E+00,+490.930E-03,+393.342E-03
-2.289150E+00,+494.447E-03,+390.327E-03
-2.287200E+00,+490.930E-03,+389.322E-03
-2.285250E+00,+486.407E-03,+394.347E-03
-2.283300E+00,+490.427E-03,+393.090E-03
-2.281350E+00,+490.930E-03,+388.317E-03
-2.279400E+00,+490.930E-03,+389.196E-03
-2.277450E+00,+490.930E-03,+390.201E-03
-2.275500E+00,+482.889E-03,+393.342E-03
-2.273550E+00,+490.930E-03,+392.211E-03
-2.271600E+00,+490.930E-03,+389.322E-03
-2.269650E+00,+486.910E-03,+390.327E-03
-2.267700E+00,+490.930E-03,+391.206E-03
-2.265750E+00,+490.930E-03,+391.080E-03
-2.263800E+00,+490.930E-03,+391.332E-03
-2.261850E+00,+494.447E-03,+392.211E-03
-2.259900E+00,+490.930E-03,+392.965E-03
-2.257950E+00,+490.930E-03,+393.090E-03
-2.256000E+00,+490.427E-03,+389.322E-03
-2.254050E+00,+490.930E-03,+390.327E-03
-2.252100E+00,+482.889E-03,+393.342E-03
-2.250150E+00,+494.447E-03,+391.457E-03
-2.248200E+00,+498.467E-03,+389.322E-03
-2.246250E+00,+490.930E-03,+393.342E-03
-2.244300E+00,+490.930E-03,+395.226E-03
-2.242350E+00,+486.910E-03,+391.960E-03
-2.240400E+00,+490.427E-03,+391.332E-03
-2.238450E+00,+490.930E-03,+390.327E-03
-2.236500E+00,+490.930E-03,+393.342E-03
-2.234550E+00,+490.930E-03,+391.080E-03
-2.232600E+00,+490.930E-03,+393.216E-03
-2.230650E+00,+490.930E-03,+392.588E-03
-2.228700E+00,+482.889E-03,+391.332E-03
-2.226750E+00,+490.930E-03,+391.332E-03
-2.224800E+00,+482.889E-03,+391.332E-03
-2.222850E+00,+490.930E-03,+393.467E-03
-2.220900E+00,+490.930E-03,+393.090E-03
-2.218950E+00,+490.930E-03,+391.080E-03
-2.217000E+00,+490.930E-03,+392.965E-03
-2.215050E+00,+494.447E-03,+394.221E-03
-2.213100E+00,+490.930E-03,+391.457E-03
-2.211150E+00,+490.930E-03,+391.709E-03
-2.209200E+00,+490.930E-03,+387.563E-03
-2.207250E+00,+490.930E-03,+391.332E-03
-2.205300E+00,+474.849E-03,+391.332E-03
-2.203350E+00,+490.930E-03,+394.347E-03
-2.201400E+00,+490.930E-03,+393.342E-03
-2.199450E+00,+490.930E-03,+392.588E-03
-2.197500E+00,+490.930E-03,+389.447E-03
-2.195550E+00,+490.930E-03,+389.447E-03
-2.193600E+00,+490.930E-03,+385.553E-03
-2.191650E+00,+490.930E-03,+391.457E-03
-2.189700E+00,+490.930E-03,+387.437E-03
-2.187750E+00,+490.930E-03,+390.327E-03
-2.185800E+00,+490.930E-03,+389.322E-03
-2.183850E+00,+490.930E-03,+390.327E-03
-2.181900E+00,+490.930E-03,+391.332E-03
-2.179950E+00,+494.950E-03,+392.337E-03
-2.178000E+00,+490.930E-03,+389.322E-03
-2.176050E+00,+490.930E-03,+391.332E-03
-2.174100E+00,+490.930E-03,+387.312E-03
-2.172150E+00,+490.930E-03,+393.342E-03
-2.170200E+00,+497.965E-03,+391.332E-03
-2.168250E+00,+490.930E-03,+390.201E-03
-2.166300E+00,+490.427E-03,+391.080E-03
-2.164350E+00,+490.930E-03,+389.950E-03
-2.162400E+00,+490.930E-03,+391.332E-03
-2.160450E+00,+490.930E-03,+390.201E-03
-2.158500E+00,+490.930E-03,+389.447E-03
-2.156550E+00,+490.930E-03,+391.080E-03
-2.154600E+00,+490.930E-03,+389.573E-03
-2.152650E+00,+490.930E-03,+391.332E-03
-2.150700E+00,+490.930E-03,+391.206E-03
-2.148750E+00,+490.930E-03,+390.327E-03
-2.146800E+00,+490.930E-03,+391.206E-03
-2.144850E+00,+490.930E-03,+390.578E-03
-2.142900E+00,+498.467E-03,+389.573E-03
-2.140950E+00,+490.930E-03,+392.211E-03
-2.139000E+00,+490.930E-03,+392.965E-03
-2.137050E+00,+486.407E-03,+382.789E-03
-2.135100E+00,+490.930E-03,+389.447E-03
-2.133150E+00,+486.910E-03,+388.191E-03
-2.131200E+00,+490.930E-03,+393.342E-03
-2.129250E+00,+494.447E-03,+390.201E-03
-2.127300E+00,+498.467E-03,+391.206E-03
-2.125350E+00,+490.930E-03,+392.337E-03
-2.123400E+00,+482.889E-03,+387.563E-03
-2.121450E+00,+490.930E-03,+390.327E-03
-2.119500E+00,+490.930E-03,+387.437E-03
-2.117550E+00,+490.930E-03,+391.080E-03
-2.115600E+00,+490.930E-03,+391.332E-03
-2.113650E+00,+490.930E-03,+389.447E-03
-2.111700E+00,+490.930E-03,+393.090E-03
-2.109750E+00,+490.930E-03,+393.342E-03
-2.107800E+00,+490.930E-03,+395.100E-03
-2.105850E+00,+486.407E-03,+392.211E-03
-2.103900E+00,+490.930E-03,+393.342E-03
-2.101950E+00,+490.930E-03,+392.211E-03
-2.100000E+00,+498.467E-03,+387.688E-03
-2.098050E+00,+490.930E-03,+392.211E-03
-2.096100E+00,+490.930E-03,+391.206E-03
-2.094150E+00,+490.930E-03,+391.080E-03
-2.092200E+00,+490.930E-03,+389.447E-03
-2.090250E+00,+490.930E-03,+391.332E-03
-2.088300E+00,+490.930E-03,+391.206E-03
-2.086350E+00,+494.447E-03,+389.070E-03
-2.084400E+00,+490.930E-03,+389.322E-03
-2.082450E+00,+490.930E-03,+391.080E-03
-2.080500E+00,+490.930E-03,+393.216E-03
-2.078550E+00,+486.910E-03,+391.960E-03
-2.076600E+00,+482.889E-03,+391.080E-03
-2.074650E+00,+490.930E-03,+390.201E-03
-2.072700E+00,+490.930E-03,+393.342E-03
-2.070750E+00,+490.930E-03,+390.201E-03
-2.068800E+00,+490.930E-03,+393.216E-03
-2.066850E+00,+490.930E-03,+389.322E-03
-2.064900E+00,+490.427E-03,+393.090E-03
-2.062950E+00,+490.930E-03,+391.457E-03
-2.061000E+00,+490.930E-03,+391.206E-03
-2.059050E+00,+490.930E-03,+389.322E-03
-2.057100E+00,+490.930E-03,+393.342E-03
-2.055150E+00,+490.930E-03,+389.322E-03
-2.053200E+00,+490.930E-03,+391.332E-03
-2.051250E+00,+486.407E-03,+389.447E-03
-2.049300E+00,+490.930E-03,+393.090E-03
-2.047350E+00,+490.930E-03,+390.327E-03
-2.045400E+00,+490.930E-03,+391.457E-03
-2.043450E+00,+490.930E-03,+392.211E-03
-2.041500E+00,+490.930E-03,+389.322E-03
-2.039550E+00,+490.930E-03,+390.201E-03
-2.037600E+00,+490.427E-03,+391.332E-03
-2.035650E+00,+490.930E-03,+393.342E-03
-2.033700E+00,+490.930E-03,+389.196E-03
-2.031750E+00,+490.930E-03,+389.447E-03
-2.029800E+00,+490.930E-03,+393.090E-03
-2.027850E+00,+494.447E-03,+393.090E-03
-2.025900E+00,+490.930E-03,+391.332E-03
-2.023950E+00,+486.910E-03,+390.327E-03
-2.022000E+00,+482.889E-03,+389.447E-03
-2.020050E+00,+490.930E-03,+392.211E-03
-2.018100E+00,+490.930E-03,+391.332E-03
-2.016150E+00,+486.910E-03,+389.447E-03
-2.014200E+00,+490.930E-03,+395.226E-03
-2.012250E+00,+490.930E-03,+391.457E-03
-2.010300E+00,+490.427E-03,+391.206E-03
-2.008350E+00,+490.930E-03,+390.201E-03
-2.006400E+00,+490.930E-03,+387.437E-03
-2.004450E+00,+490.930E-03,+393.342E-03
-2.002500E+00,+490.930E-03,+392.965E-03
-2.000550E+00,+490.930E-03,+390.829E-03
-1.998600E+00,+482.889E-03,+391.332E-03
-1.996650E+00,+490.930E-03,+392.211E-03
-1.994700E+00,+490.930E-03,+389.322E-03
-1.992750E+00,+490.930E-03,+388.191E-03
-1.990800E+00,+490.930E-03,+389.573E-03
-1.988850E+00,+490.930E-03,+391.332E-03
-1.986900E+00,+490.930E-03,+393.342E-03
-1.984950E+00,+490.930E-03,+391.332E-03
-1.983000E+00,+490.930E-03,+393.342E-03
-1.981050E+00,+494.447E-03,+393.342E-03
-1.979100E+00,+490.930E-03,+394.975E-03
-1.977150E+00,+494.950E-03,+391.332E-03
-1.975200E+00,+490.930E-03,+389.447E-03
-1.973250E+00,+490.930E-03,+389.322E-03
-1.971300E+00,+490.930E-03,+394.975E-03
-1.969350E+00,+494.950E-03,+390.201E-03
-1.967400E+00,+490.930E-03,+393.216E-03
-1.965450E+00,+490.930E-03,+393.467E-03
-1.963500E+00,+490.930E-03,+393.090E-03
-1.961550E+00,+490.930E-03,+392.588E-03
-1.959600E+00,+490.930E-03,+389.322E-03
-1.957650E+00,+490.930E-03,+389.322E-03
-1.955700E+00,+490.930E-03,+389.447E-03
-1.953750E+00,+490.930E-03,+392.588E-03
-1.951800E+00,+490.427E-03,+389.322E-03
-1.949850E+00,+490.930E-03,+392.211E-03
-1.947900E+00,+490.427E-03,+391.206E-03
-1.945950E+00,+486.407E-03,+391.080E-03
-1.944000E+00,+490.930E-03,+391.332E-03
-1.942050E+00,+490.930E-03,+391.080E-03
-1.940100E+00,+490.930E-03,+395.352E-03
-1.938150E+00,+490.930E-03,+391.457E-03
-1.936200E+00,+490.427E-03,+392.839E-03
-1.934250E+00,+490.930E-03,+394.221E-03
-1.932300E+00,+490.930E-03,+391.332E-03
-1.930350E+00,+490.930E-03,+392.337E-03
-1.928400E+00,+490.930E-03,+387.312E-03
-1.926450E+00,+490.930E-03,+389.950E-03
-1.924500E+00,+490.930E-03,+391.206E-03
-1.922550E+00,+490.930E-03,+388.191E-03
-1.920600E+00,+490.930E-03,+389.322E-03
-1.918650E+00,+490.930E-03,+392.337E-03
-1.916700E+00,+490.930E-03,+391.332E-03
-1.914750E+00,+490.930E-03,+389.950E-03
-1.912800E+00,+490.930E-03,+389.447E-03
-1.910850E+00,+490.930E-03,+390.327E-03
-1.908900E+00,+490.930E-03,+389.322E-03
-1.906950E+00,+490.930E-03,+391.457E-03
-1.905000E+00,+490.930E-03,+393.090E-03
-1.903050E+00,+486.910E-03,+391.332E-03
-1.901100E+00,+490.930E-03,+393.342E-03
-1.899150E+00,+486.910E-03,+391.457E-03
-1.897200E+00,+490.930E-03,+393.090E-03
-1.895250E+00,+490.930E-03,+390.327E-03
-1.893300E+00,+490.930E-03,+391.332E-03
-1.891350E+00,+490.930E-03,+391.332E-03
-1.889400E+00,+490.930E-03,+395.352E-03
-1.887450E+00,+490.930E-03,+387.060E-03
-1.885500E+00,+498.467E-03,+391.332E-03
-1.883550E+00,+486.407E-03,+391.332E-03
-1.881600E+00,+490.427E-03,+393.342E-03
-1.879650E+00,+486.407E-03,+393.342E-03
-1.877700E+00,+490.930E-03,+393.216E-03
-1.875750E+00,+494.447E-03,+392.337E-03
-1.873800E+00,+490.930E-03,+391.206E-03
-1.871850E+00,+494.950E-03,+391.457E-03
-1.869900E+00,+490.427E-03,+389.322E-03
-1.867950E+00,+490.930E-03,+392.337E-03
-1.866000E+00,+490.930E-03,+393.342E-03
-1.864050E+00,+490.930E-03,+390.327E-03
-1.862100E+00,+490.930E-03,+387.186E-03
-1.860150E+00,+486.910E-03,+390.327E-03
-1.858200E+00,+490.930E-03,+389.322E-03
-1.856250E+00,+490.930E-03,+389.447E-03
-1.854300E+00,+490.930E-03,+391.332E-03
-1.852350E+00,+490.930E-03,+392.337E-03
-1.850400E+00,+482.889E-03,+393.090E-03
-1.848450E+00,+490.930E-03,+391.457E-03
-1.846500E+00,+498.467E-03,+389.447E-03
-1.844550E+00,+490.930E-03,+388.317E-03
-1.842600E+00,+490.930E-03,+391.206E-03
-1.840650E+00,+490.930E-03,+392.211E-03
-1.838700E+00,+490.930E-03,+393.090E-03
-1.836750E+00,+490.930E-03,+390.327E-03
-1.834800E+00,+498.467E-03,+389.322E-03
-1.832850E+00,+490.930E-03,+389.070E-03
-1.830900E+00,+490.930E-03,+389.573E-03
-1.828950E+00,+490.930E-03,+390.201E-03
-1.827000E+00,+490.930E-03,+391.206E-03
-1.825050E+00,+490.930E-03,+392.337E-03
-1.823100E+00,+498.467E-03,+393.216E-03
-1.821150E+00,+494.447E-03,+388.191E-03
-1.819200E+00,+490.930E-03,+391.457E-03
-1.817250E+00,+490.930E-03,+392.337E-03
-1.815300E+00,+490.427E-03,+391.080E-03
-1.813350E+00,+490.930E-03,+392.211E-03
-1.811400E+00,+490.930E-03,+391.206E-03
-1.809450E+00,+486.407E-03,+390.327E-03
-1.807500E+00,+497.965E-03,+393.090E-03
-1.805550E+00,+490.930E-03,+390.327E-03
-1.803600E+00,+490.930E-03,+389.322E-03
-1.801650E+00,+490.930E-03,+389.070E-03
-1.799700E+00,+490.930E-03,+389.322E-03
-1.797750E+00,+494.447E-03,+390.201E-03
-1.795800E+00,+490.930E-03,+391.332E-03
-1.793850E+00,+490.930E-03,+391.709E-03
-1.791900E+00,+490.930E-03,+389.322E-03
-1.789950E+00,+489.925E-03,+391.960E-03
-1.788000E+00,+498.467E-03,+387.437E-03
-1.786050E+00,+489.925E-03,+393.090E-03
-1.784100E+00,+490.930E-03,+393.342E-03
-1.782150E+00,+490.930E-03,+387.312E-03
-1.780200E+00,+490.930E-03,+391.457E-03
-1.778250E+00,+490.930E-03,+391.960E-03
-1.776300E+00,+483.392E-03,+393.342E-03
-1.774350E+00,+490.930E-03,+393.342E-03
-1.772400E+00,+498.467E-03,+393.090E-03
-1.770450E+00,+490.930E-03,+389.070E-03
-1.768500E+00,+490.930E-03,+389.322E-03
-1.766550E+00,+490.930E-03,+389.322E-03
-1.764600E+00,+490.930E-03,+389.322E-03
-1.762650E+00,+486.407E-03,+389.950E-03
-1.760700E+00,+498.970E-03,+391.206E-03
-1.758750E+00,+490.930E-03,+389.322E-03
-1.756800E+00,+498.467E-03,+393.342E-03
-1.754850E+00,+490.930E-03,+392.337E-03
-1.752900E+00,+490.427E-03,+391.457E-03
-1.750950E+00,+490.930E-03,+389.950E-03
-1.749000E+00,+498.467E-03,+395.226E-03
-1.747050E+00,+490.930E-03,+392.337E-03
-1.745100E+00,+482.889E-03,+393.216E-03
-1.743150E+00,+490.930E-03,+391.457E-03
-1.741200E+00,+490.930E-03,+389.447E-03
-1.739250E+00,+490.930E-03,+392.211E-03
-1.737300E+00,+482.889E-03,+391.332E-03
-1.735350E+00,+490.930E-03,+388.317E-03
-1.733400E+00,+490.930E-03,+391.332E-03
-1.731450E+00,+490.930E-03,+393.090E-03
-1.729500E+00,+490.930E-03,+391.080E-03
-1.727550E+00,+490.930E-03,+387.060E-03
-1.725600E+00,+490.930E-03,+393.342E-03
-1.723650E+00,+490.930E-03,+390.578E-03
-1.721700E+00,+490.930E-03,+387.437E-03
-1.719750E+00,+486.407E-03,+391.960E-03
-1.717800E+00,+490.930E-03,+389.322E-03
-1.715850E+00,+490.930E-03,+389.322E-03
-1.713900E+00,+482.889E-03,+389.322E-03
-1.711950E+00,+490.930E-03,+391.332E-03
-1.710000E+00,+490.427E-03,+387.437E-03
-1.708050E+00,+490.930E-03,+388.191E-03
-1.706100E+00,+490.930E-03,+389.322E-03
-1.704150E+00,+490.930E-03,+393.342E-03
-1.702200E+00,+490.930E-03,+389.447E-03
-1.700250E+00,+494.950E-03,+391.457E-03
-1.698300E+00,+490.930E-03,+389.322E-03
-1.696350E+00,+490.930E-03,+392.211E-03
-1.694400E+00,+490.930E-03,+393.216E-03
-1.692450E+00,+490.930E-03,+391.709E-03
-1.690500E+00,+490.930E-03,+395.226E-03
-1.688550E+00,+486.407E-03,+393.342E-03
-1.686600E+00,+490.930E-03,+389.196E-03
-1.684650E+00,+490.930E-03,+389.070E-03
-1.682700E+00,+482.889E-03,+387.312E-03
-1.680750E+00,+494.447E-03,+393.090E-03
-1.678800E+00,+490.930E-03,+389.573E-03
-1.676850E+00,+490.930E-03,+391.960E-03
-1.674900E+00,+490.930E-03,+391.206E-03
-1.672950E+00,+490.930E-03,+389.322E-03
-1.671000E+00,+490.930E-03,+391.206E-03
-1.669050E+00,+490.930E-03,+388.317E-03
-1.667100E+00,+490.930E-03,+389.322E-03
-1.665150E+00,+490.930E-03,+394.347E-03
-1.663200E+00,+490.930E-03,+391.332E-03
-1.661250E+00,+490.930E-03,+391.080E-03
-1.659300E+00,+490.930E-03,+389.322E-03
-1.657350E+00,+490.930E-03,+390.327E-03
-1.655400E+00,+490.930E-03,+387.437E-03
-1.653450E+00,+490.930E-03,+390.327E-03
-1.651500E+00,+490.930E-03,+393.342E-03
-1.649550E+00,+490.930E-03,+392.588E-03
-1.647600E+00,+490.930E-03,+391.206E-03
-1.645650E+00,+490.930E-03,+394.221E-03
-1.643700E+00,+490.930E-03,+393.090E-03
-1.641750E+00,+490.930E-03,+392.211E-03
-1.639800E+00,+490.930E-03,+387.437E-03
-1.637850E+00,+490.930E-03,+397.487E-03
-1.635900E+00,+490.930E-03,+391.080E-03
-1.633950E+00,+490.930E-03,+392.337E-03
-1.632000E+00,+498.467E-03,+393.342E-03
-1.630050E+00,+486.910E-03,+390.578E-03
-1.628100E+00,+490.930E-03,+391.332E-03
-1.626150E+00,+494.447E-03,+390.327E-03
-1.624200E+00,+498.467E-03,+391.206E-03
-1.622250E+00,+490.930E-03,+393.342E-03
-1.620300E+00,+490.930E-03,+389.322E-03
-1.618350E+00,+486.407E-03,+390.578E-03
-1.616400E+00,+490.930E-03,+389.322E-03
-1.614450E+00,+490.930E-03,+391.457E-03
-1.612500E+00,+490.930E-03,+391.332E-03
-1.610550E+00,+490.930E-03,+391.332E-03
-1.608600E+00,+490.930E-03,+391.332E-03
-1.606650E+00,+490.930E-03,+391.080E-03
-1.604700E+00,+482.889E-03,+393.216E-03
-1.602750E+00,+490.930E-03,+390.578E-03
-1.600800E+00,+490.930E-03,+391.332E-03
-1.598850E+00,+494.447E-03,+392.211E-03
-1.596900E+00,+490.930E-03,+393.342E-03
-1.594950E+00,+486.407E-03,+391.332E-03
-1.593000E+00,+490.930E-03,+387.312E-03
-1.591050E+00,+490.930E-03,+392.337E-03
-1.589100E+00,+490.930E-03,+393.090E-03
-1.587150E+00,+490.930E-03,+392.211E-03
-1.585200E+00,+490.930E-03,+391.206E-03
-1.583250E+00,+490.930E-03,+390.201E-03
-1.581300E+00,+490.930E-03,+393.090E-03
-1.579350E+00,+490.930E-03,+394.221E-03
-1.577400E+00,+490.930E-03,+398.744E-03
-1.575450E+00,+490.930E-03,+390.201E-03
-1.573500E+00,+490.930E-03,+389.196E-03
-1.571550E+00,+490.930E-03,+393.719E-03
-1.569600E+00,+490.930E-03,+389.447E-03
-1.567650E+00,+490.930E-03,+390.578E-03
-1.565700E+00,+490.930E-03,+387.563E-03
-1.563750E+00,+490.930E-03,+394.347E-03
-1.561800E+00,+490.930E-03,+391.332E-03
-1.559850E+00,+490.930E-03,+392.211E-03
-1.557900E+00,+490.930E-03,+387.563E-03
-1.555950E+00,+490.930E-03,+392.211E-03
-1.554000E+00,+490.930E-03,+393.216E-03
-1.552050E+00,+486.407E-03,+391.332E-03
-1.550100E+00,+490.930E-03,+391.332E-03
-1.548150E+00,+490.930E-03,+394.221E-03
-1.546200E+00,+490.930E-03,+391.206E-03
-1.544250E+00,+490.930E-03,+390.201E-03
-1.542300E+00,+490.930E-03,+391.332E-03
-1.540350E+00,+486.407E-03,+389.447E-03
-1.538400E+00,+490.930E-03,+392.965E-03
-1.536450E+00,+490.930E-03,+388.191E-03
-1.534500E+00,+498.467E-03,+391.332E-03
-1.532550E+00,+490.930E-03,+391.080E-03
-1.530600E+00,+482.889E-03,+389.322E-03
-1.528650E+00,+490.930E-03,+389.322E-03
-1.526700E+00,+490.930E-03,+387.312E-03
-1.524750E+00,+490.930E-03,+393.342E-03
-1.522800E+00,+490.930E-03,+393.090E-03
-1.520850E+00,+486.407E-03,+389.322E-03
-1.518900E+00,+482.889E-03,+387.312E-03
-1.516950E+00,+490.930E-03,+392.211E-03
-1.515000E+00,+490.427E-03,+389.447E-03
-1.513050E+00,+490.930E-03,+391.457E-03
-1.511100E+00,+490.930E-03,+393.090E-03
-1.509150E+00,+486.910E-03,+390.327E-03
-1.507200E+00,+490.930E-03,+395.226E-03
-1.505250E+00,+490.930E-03,+390.327E-03
-1.503300E+00,+490.930E-03,+389.322E-03
-1.501350E+00,+490.930E-03,+390.327E-03
-1.499400E+00,+490.930E-03,+389.322E-03
-1.497450E+00,+490.930E-03,+391.960E-03
-1.495500E+00,+490.930E-03,+387.437E-03
-1.493550E+00,+486.407E-03,+391.960E-03
-1.491600E+00,+490.930E-03,+393.090E-03
-1.489650E+00,+491.432E-03,+392.588E-03
-1.487700E+00,+490.930E-03,+391.206E-03
-1.485750E+00,+490.930E-03,+392.588E-03
-1.483800E+00,+490.930E-03,+393.467E-03
-1.481850E+00,+486.407E-03,+394.221E-03
-1.479900E+00,+490.930E-03,+389.447E-03
-1.477950E+00,+490.930E-03,+391.457E-03
-1.476000E+00,+490.930E-03,+393.090E-03
-1.474050E+00,+490.930E-03,+392.211E-03
-1.472100E+00,+490.427E-03,+391.206E-03
-1.470150E+00,+486.407E-03,+392.337E-03
-1.468200E+00,+490.930E-03,+387.437E-03
-1.466250E+00,+490.930E-03,+394.221E-03
-1.464300E+00,+490.930E-03,+389.322E-03
-1.462350E+00,+494.950E-03,+391.457E-03
-1.460400E+00,+490.930E-03,+392.965E-03
-1.458450E+00,+490.930E-03,+391.080E-03
-1.456500E+00,+482.889E-03,+391.206E-03
-1.454550E+00,+490.930E-03,+388.317E-03
-1.452600E+00,+490.930E-03,+389.447E-03
-1.450650E+00,+494.447E-03,+388.191E-03
-1.448700E+00,+490.930E-03,+394.849E-03
-1.446750E+00,+494.447E-03,+393.342E-03
-1.444800E+00,+490.427E-03,+391.206E-03
-1.442850E+00,+490.930E-03,+389.070E-03
-1.440900E+00,+490.930E-03,+389.322E-03
-1.438950E+00,+490.930E-03,+390.327E-03
-1.437000E+00,+490.930E-03,+393.216E-03
-1.435050E+00,+490.930E-03,+390.327E-03
-1.433100E+00,+498.467E-03,+391.206E-03
-1.431150E+00,+490.930E-03,+392.211E-03
-1.429200E+00,+490.930E-03,+392.965E-03
-1.427250E+00,+486.407E-03,+394.221E-03
-1.425300E+00,+490.930E-03,+397.111E-03
-1.423350E+00,+490.930E-03,+397.111E-03
-1.421400E+00,+490.930E-03,+389.322E-03
-1.419450E+00,+490.930E-03,+389.950E-03
-1.417500E+00,+490.930E-03,+391.332E-03
-1.415550E+00,+486.910E-03,+393.467E-03
-1.413600E+00,+498.467E-03,+391.332E-03
-1.411650E+00,+494.447E-03,+391.709E-03
-1.409700E+00,+490.930E-03,+393.342E-03
-1.407750E+00,+494.950E-03,+391.332E-03
-1.405800E+00,+490.930E-03,+393.216E-03
-1.403850E+00,+494.447E-03,+390.201E-03
-1.401900E+00,+490.930E-03,+387.563E-03
-1.399950E+00,+490.930E-03,+390.578E-03
-1.398000E+00,+490.930E-03,+393.216E-03
-1.396050E+00,+490.930E-03,+392.337E-03
-1.394100E+00,+490.930E-03,+391.206E-03
-1.392150E+00,+486.407E-03,+391.080E-03
-1.390200E+00,+498.467E-03,+391.206E-03
-1.388250E+00,+490.930E-03,+390.578E-03
-1.386300E+00,+483.392E-03,+391.206E-03
-1.384350E+00,+494.950E-03,+391.332E-03
-1.382400E+00,+490.930E-03,+392.965E-03
-1.380450E+00,+490.930E-03,+391.080E-03
-1.378500E+00,+490.427E-03,+391.206E-03
-1.376550E+00,+486.910E-03,+389.322E-03
-1.374600E+00,+490.930E-03,+389.322E-03
-1.372650E+00,+494.950E-03,+390.201E-03
-1.370700E+00,+490.930E-03,+400.754E-03
-1.368750E+00,+494.950E-03,+391.332E-03
-1.366800E+00,+490.930E-03,+393.342E-03
-1.364850E+00,+491.432E-03,+391.080E-03
-1.362900E+00,+490.930E-03,+392.965E-03
-1.360950E+00,+490.930E-03,+391.080E-03
-1.359000E+00,+490.427E-03,+393.090E-03
-1.357050E+00,+490.930E-03,+391.080E-03
-1.355100E+00,+490.930E-03,+391.332E-03
-1.353150E+00,+490.930E-03,+392.337E-03
-1.351200E+00,+490.930E-03,+387.563E-03
-1.349250E+00,+490.930E-03,+388.317E-03
-1.347300E+00,+490.930E-03,+391.332E-03
-1.345350E+00,+490.930E-03,+389.322E-03
-1.343400E+00,+490.930E-03,+391.332E-03
-1.341450E+00,+490.930E-03,+394.221E-03
-1.339500E+00,+490.930E-03,+387.563E-03
-1.337550E+00,+490.930E-03,+392.211E-03
-1.335600E+00,+490.930E-03,+389.322E-03
-1.333650E+00,+490.930E-03,+392.337E-03
-1.331700E+00,+490.930E-03,+389.322E-03
-1.329750E+00,+490.930E-03,+392.211E-03
-1.327800E+00,+490.427E-03,+389.322E-03
-1.325850E+00,+486.407E-03,+391.080E-03
-1.323900E+00,+490.930E-03,+393.090E-03
-1.321950E+00,+490.930E-03,+391.080E-03
-1.320000E+00,+490.427E-03,+391.332E-03
-1.318050E+00,+490.930E-03,+387.312E-03
-1.316100E+00,+490.930E-03,+389.447E-03
-1.314150E+00,+490.930E-03,+389.447E-03
-1.312200E+00,+490.930E-03,+389.322E-03
-1.310250E+00,+494.950E-03,+392.337E-03
-1.308300E+00,+490.930E-03,+389.447E-03
-1.306350E+00,+490.930E-03,+393.342E-03
-1.304400E+00,+482.889E-03,+391.332E-03
-1.302450E+00,+486.910E-03,+391.080E-03
-1.300500E+00,+490.930E-03,+393.342E-03
-1.298550E+00,+490.930E-03,+392.211E-03
-1.296600E+00,+490.427E-03,+395.100E-03
-1.294650E+00,+494.950E-03,+390.327E-03
-1.292700E+00,+490.930E-03,+391.080E-03
-1.290750E+00,+490.930E-03,+389.950E-03
-1.288800E+00,+497.965E-03,+390.704E-03
-1.286850E+00,+491.432E-03,+392.211E-03
-1.284900E+00,+498.467E-03,+387.563E-03
-1.282950E+00,+490.930E-03,+392.337E-03
-1.281000E+00,+490.930E-03,+393.090E-03
-1.279050E+00,+490.930E-03,+390.201E-03
-1.277100E+00,+490.930E-03,+391.332E-03
-1.275150E+00,+490.930E-03,+390.327E-03
-1.273200E+00,+490.930E-03,+393.216E-03
-1.271250E+00,+490.930E-03,+391.960E-03
-1.269300E+00,+490.930E-03,+389.447E-03
-1.267350E+00,+490.930E-03,+389.950E-03
-1.265400E+00,+490.930E-03,+387.688E-03
-1.263450E+00,+494.950E-03,+389.950E-03
-1.261500E+00,+490.930E-03,+391.206E-03
-1.259550E+00,+490.930E-03,+391.332E-03
-1.257600E+00,+490.930E-03,+392.965E-03
-1.255650E+00,+490.930E-03,+393.342E-03
-1.253700E+00,+490.427E-03,+391.332E-03
-1.251750E+00,+490.930E-03,+389.447E-03
-1.249800E+00,+490.930E-03,+391.206E-03
-1.247850E+00,+494.950E-03,+392.211E-03
-1.245900E+00,+490.930E-03,+395.352E-03
-1.243950E+00,+490.930E-03,+391.332E-03
-1.242000E+00,+490.930E-03,+393.216E-03
-1.240050E+00,+490.930E-03,+393.467E-03
-1.238100E+00,+490.930E-03,+389.070E-03
-1.236150E+00,+494.950E-03,+391.080E-03
-1.234200E+00,+490.930E-03,+391.206E-03
-1.232250E+00,+490.930E-03,+390.201E-03
-1.230300E+00,+490.930E-03,+392.965E-03
-1.228350E+00,+490.930E-03,+390.578E-03
-1.226400E+00,+490.930E-03,+389.196E-03
-1.224450E+00,+486.407E-03,+389.950E-03
-1.222500E+00,+490.930E-03,+391.332E-03
-1.220550E+00,+494.447E-03,+389.447E-03
-1.218600E+00,+490.930E-03,+389.447E-03
-1.216650E+00,+490.930E-03,+391.457E-03
-1.214700E+00,+482.889E-03,+389.447E-03
-1.212750E+00,+490.930E-03,+387.312E-03
-1.210800E+00,+490.930E-03,+393.216E-03
-1.208850E+00,+494.950E-03,+393.342E-03
-1.206900E+00,+482.889E-03,+393.342E-03
-1.204950E+00,+490.930E-03,+390.327E-03
-1.203000E+00,+490.930E-03,+391.206E-03
-1.201050E+00,+490.930E-03,+391.457E-03
-1.199100E+00,+482.889E-03,+389.196E-03
-1.197150E+00,+486.910E-03,+389.950E-03
-1.195200E+00,+490.930E-03,+389.322E-03
-1.193250E+00,+490.930E-03,+391.457E-03
-1.191300E+00,+490.427E-03,+389.322E-03
-1.189350E+00,+490.930E-03,+391.332E-03
-1.187400E+00,+490.930E-03,+389.447E-03
-1.185450E+00,+490.930E-03,+390.578E-03
-1.183500E+00,+490.930E-03,+387.312E-03
-1.181550E+00,+490.930E-03,+389.322E-03
-1.179600E+00,+490.930E-03,+391.080E-03
-1.177650E+00,+494.950E-03,+392.211E-03
-1.175700E+00,+490.930E-03,+389.322E-03
-1.173750E+00,+490.930E-03,+392.337E-03
-1.171800E+00,+490.427E-03,+391.457E-03
-1.169850E+00,+490.930E-03,+391.332E-03
-1.167900E+00,+490.930E-03,+391.332E-03
-1.165950E+00,+490.930E-03,+390.327E-03
-1.164000E+00,+490.930E-03,+389.447E-03
-1.162050E+00,+494.447E-03,+392.211E-03
-1.160100E+00,+490.930E-03,+389.322E-03
-1.158150E+00,+491.432E-03,+388.191E-03
-1.156200E+00,+482.889E-03,+387.563E-03
-1.154250E+00,+490.930E-03,+391.457E-03
-1.152300E+00,+490.930E-03,+393.090E-03
-1.150350E+00,+491.432E-03,+391.457E-03
-1.148400E+00,+490.930E-03,+389.196E-03
-1.146450E+00,+490.930E-03,+391.332E-03
-1.144500E+00,+490.930E-03,+391.206E-03
-1.142550E+00,+486.910E-03,+391.457E-03
-1.140600E+00,+482.889E-03,+391.332E-03
-1.138650E+00,+490.930E-03,+393.342E-03
-1.136700E+00,+490.930E-03,+389.447E-03
-1.134750E+00,+490.930E-03,+391.080E-03
-1.132800E+00,+490.930E-03,+393.090E-03
-1.130850E+00,+490.930E-03,+390.201E-03
-1.128900E+00,+498.467E-03,+393.342E-03
-1.126950E+00,+490.930E-03,+390.201E-03
-1.125000E+00,+490.930E-03,+393.216E-03
-1.123050E+00,+490.930E-03,+391.332E-03
-1.121100E+00,+490.930E-03,+389.196E-03
-1.119150E+00,+490.930E-03,+392.211E-03
-1.117200E+00,+498.467E-03,+389.322E-03
-1.115250E+00,+494.447E-03,+390.327E-03
-1.113300E+00,+490.930E-03,+393.342E-03
-1.111350E+00,+486.910E-03,+392.211E-03
-1.109400E+00,+497.965E-03,+391.332E-03
-1.107450E+00,+490.930E-03,+392.211E-03
-1.105500E+00,+498.467E-03,+393.216E-03
-1.103550E+00,+490.930E-03,+390.327E-03
-1.101600E+00,+498.467E-03,+393.090E-03
-1.099650E+00,+490.930E-03,+391.960E-03
-1.097700E+00,+490.930E-03,+395.352E-03
-1.095750E+00,+490.930E-03,+389.322E-03
-1.093800E+00,+490.930E-03,+391.332E-03
-1.091850E+00,+494.950E-03,+394.347E-03
-1.089900E+00,+490.930E-03,+387.563E-03
-1.087950E+00,+490.930E-03,+390.201E-03
-1.086000E+00,+490.930E-03,+391.332E-03
-1.084050E+00,+490.930E-03,+392.211E-03
-1.082100E+00,+490.930E-03,+393.216E-03
-1.080150E+00,+490.930E-03,+392.211E-03
-1.078200E+00,+490.930E-03,+391.457E-03
-1.076250E+00,+494.950E-03,+391.457E-03
-1.074300E+00,+490.930E-03,+395.226E-03
-1.072350E+00,+486.407E-03,+393.342E-03
-1.070400E+00,+490.930E-03,+391.206E-03
-1.068450E+00,+486.910E-03,+389.447E-03
-1.066500E+00,+490.930E-03,+393.342E-03
-1.064550E+00,+490.930E-03,+391.457E-03
-1.062600E+00,+490.930E-03,+389.322E-03
-1.060650E+00,+490.930E-03,+388.317E-03
-1.058700E+00,+490.930E-03,+393.090E-03
-1.056750E+00,+490.930E-03,+389.322E-03
-1.054800E+00,+490.930E-03,+389.447E-03
-1.052850E+00,+490.930E-03,+392.337E-03
-1.050900E+00,+490.930E-03,+393.342E-03
-1.048950E+00,+490.930E-03,+388.317E-03
-1.047000E+00,+490.930E-03,+393.216E-03
-1.045050E+00,+494.447E-03,+392.337E-03
-1.043100E+00,+490.930E-03,+389.322E-03
-1.041150E+00,+490.930E-03,+392.211E-03
-1.039200E+00,+490.930E-03,+389.447E-03
-1.037250E+00,+490.930E-03,+392.588E-03
-1.035300E+00,+490.930E-03,+391.080E-03
-1.033350E+00,+490.930E-03,+393.090E-03
-1.031400E+00,+490.930E-03,+389.322E-03
-1.029450E+00,+490.930E-03,+389.950E-03
-1.027500E+00,+490.930E-03,+395.352E-03
-1.025550E+00,+490.930E-03,+392.211E-03
-1.023600E+00,+490.930E-03,+391.332E-03
-1.021650E+00,+490.930E-03,+387.312E-03
-1.019700E+00,+490.930E-03,+391.332E-03
-1.017750E+00,+490.930E-03,+391.457E-03
-1.015800E+00,+490.930E-03,+394.975E-03
-1.013850E+00,+490.930E-03,+390.201E-03
-1.011900E+00,+498.467E-03,+393.090E-03
-1.009950E+00,+490.930E-03,+391.457E-03
-1.008000E+00,+490.930E-03,+389.322E-03
-1.006050E+00,+494.950E-03,+391.457E-03
-1.004100E+00,+498.467E-03,+393.342E-03
-1.002150E+00,+486.910E-03,+393.467E-03
-1.000200E+00,+490.930E-03,+391.206E-03
-998.250E-03,+486.910E-03,+388.317E-03
-996.300E-03,+498.467E-03,+389.322E-03
-994.350E-03,+490.930E-03,+391.080E-03
-992.400E-03,+483.392E-03,+389.447E-03
-990.450E-03,+490.930E-03,+391.332E-03
-988.500E-03,+490.930E-03,+404.648E-03
-986.550E-03,+490.930E-03,+391.457E-03
-984.600E-03,+490.930E-03,+391.332E-03
-982.650E-03,+490.930E-03,+392.588E-03
-980.700E-03,+490.930E-03,+387.688E-03
-978.750E-03,+494.447E-03,+392.211E-03
-976.800E-03,+490.930E-03,+393.216E-03
-974.850E-03,+490.930E-03,+391.709E-03
-972.900E-03,+482.889E-03,+389.322E-03
-970.950E-03,+486.910E-03,+391.457E-03
-969.000E-03,+490.930E-03,+393.216E-03
-967.050E-03,+486.910E-03,+392.211E-03
-965.100E-03,+482.889E-03,+393.342E-03
-963.150E-03,+490.930E-03,+388.317E-03
-961.200E-03,+490.930E-03,+389.447E-03
-959.250E-03,+490.930E-03,+391.332E-03
-957.300E-03,+490.930E-03,+393.342E-03
-955.350E-03,+490.930E-03,+393.719E-03
-953.400E-03,+490.930E-03,+393.342E-03
-951.450E-03,+494.950E-03,+393.342E-03
-949.500E-03,+490.427E-03,+393.216E-03
-947.550E-03,+486.910E-03,+388.191E-03
-945.600E-03,+490.930E-03,+393.342E-03
-943.650E-03,+490.930E-03,+392.211E-03
-941.700E-03,+490.930E-03,+389.322E-03
-939.750E-03,+490.930E-03,+393.090E-03
-937.800E-03,+490.930E-03,+393.216E-03
-935.850E-03,+490.930E-03,+388.317E-03
-933.900E-03,+490.930E-03,+393.090E-03
-931.950E-03,,
